,track_name,artist_name,lyrics
0,One Right Now (with The Weeknd),Post Malone,"Na-na-na-na, na-na Na-na-na-na, oh no Yeah, yeah  Said you love me, but I don't care That I broke my hand on the same wall That you told me that he fucked you on (oh!) You think it's so easy fucking with my feelings I got one coming over and one right now (uh) One right now (One right now, one right now, oh-oh-oh) I got one coming over and one right now  Said you want to have my babies I fucked you so good, you should pay me Don't call me ""baby"" when you did me so wrong (When you did me so wrong) But I got over what you did already Body for body, so petty How many of your friends fit in my Rolls? (Can you fit in my Rolls?) ...   "
1,dancing in the kitchen,LANY,"City lights looking like ice underneath the stars Beautiful, but I'd rather be right here where we are Go and tell your friends, we're running late again What you think? Pour another drink and call off the car  I could spend a thousand nights right here inside this room  Swear the only one I want is you And it doesn't matter what we do We could have nothing at all And it'd still feel like nothing's missing Now we're moving like we're on the moon Dom Pérignon drip on our shoes We could fly around the world But we always end up  Dancing in the kitchen Dancing in the kitchen  ...   "
2,Sheesh!,Surfaces,"You know what I'm sayin'? (Sheesh)  I be like sheesh (sheesh) Sunset on the beach (beach) Make me wanna pull up on Miami with the heat (heat) I don't know 'bout you (you) But I know 'bout me (me) Summertime in Florida, catch me slidin' on the keys (oh, yeah)  Oh, something's happened inside of me Excellence, yeah, it's gotta be Hot and cold, it's dichotomy Rock with me, we some prodigies La-di, da-di, we party They hear us down in the lobby We tried to tell 'em to join us And if they don't thеy'll be sorry  No time to be out hеre hatin' It's history in the makin' I'm lovin' on all the opps Despite everything that they sayin' My mama proud, yeah, she oughta be Elton John keep on callin' me But even if he didn't, she still think we hit the lottery ...   "
3,Can I Get It,Adele,"Pave me a path to follow And I'll tread any dangerous road I will beg and I'll steal, I will borrow If I can make it, if I can make your heart my home  Throw me to the water (water) I don't care how deep or shallow (water) Because my heart can pound like thunder (water) And your love, and your love can set me free (water)  Oh, I have promised I will love you 'til the end of time Through it all, the good, the bad, the ugly and divine I will be the melody, the rhythm and your rhyme All I want is for you to be mine, mine  So can I get it right now? Mmm Can I get it right now? (Can I get it here?) ...   "
4,Black And White,Niall Horan,
5,Take My Breath,The Weeknd,"I saw the fire in your eyes I saw the fire when I look into your eyes You tell me things you wanna try (uh) I know temptation is the devil in disguise  You risk it all to feel alive, oh yeah You're offering yourself to me like sacrifice You said you do this all the time Tell me you love me if I bring you to the light  It's like a dream what she feels with me She loves to be on the edge Her fantasy is okay with me Then suddenly, baby says  Take my breath away And make it last forever, babe Do it now or never, babe (ah) Take my breath away Nobody does it better, babe ...   "
6,SUPERBLOOM,MisterWives,"Resilient little thing, just like mama made you No one needs to save you Ah-na-na, ah-na-na, ah-na-na Wallflower in the spring Oh, they can't contain you Through the cracks, you break through Ah-na-na, ah-na-na, ah-na-na  I deserve congratulations 'Cause I came out the other side I've been having revelations And I'm gon' let them shine  I deserve congratulations I'd never thought that I'd survive If you tell me I won't make it That's when I, that's when I  Superbloom, superbloom Superbloom, superbloom  Resilient little thing, just like mama raised you So you got that wildfire in your soul ...   "
7,Shivers,Ed Sheeran,"I took an arrow to the heart I never kissed a mouth that taste like yours Strawberries and something more Ooh, yeah, I want it all  Lipstick on my guitar (ooh) Fill up the engine, we can drive real far Go dancing underneath the stars Ooh, yeah, I want it all Mmh, you got me feeling like  I wanna be that guy I wanna kiss your eyes I wanna drink that smile I wanna feel like I'm Like my soul's on fire I wanna stay up all day and all night Yeah, you got me singing like  Ooh, I love it when you do it like that And when you're close up, give me the shivers Oh, baby, you wanna dance 'til the sunlight cracks And when they say the party's over, then we bring it right back  And we'll say Ooh, I love it when you do it like that And when you're close up, give me the shivers ...   "
8,Let's go to Hell,Tai Verdes,"Let's go to Hell together We can burn forever I got nothing better to do You know that I'm not a rebel I just know the Devil Can't be much worse than me and you  Let's let this motherfucker burn to the ground I lost a love that I thought I found Took all the money out my account I bought an eighth and I bought a pound Smoke it up 'til I can't hear a sound Flip the Earth and turn it upside down Come on, baby, go South bound  There's a secret place in Arizona You can never see it if you're sober Opens up into a supernova, yah It will never drop one degree colder Feel the flames, the heat burnin' your shoulder You'll be fine when this thing's all over, oh, yeah ...   "
9,OK Not To Be OK,Marshmello,"Feeling like a drop in the ocean That don't nobody notice Maybe it's all just in your head Feeling like you're trapped in your own skin And now your body's frozen Broken down, you've got nothing left  When you're high on emotion And you're losing your focus And you feel too exhausted to pray Don't get lost in the moment Or give up when you're closest All you need is somebody to say  It's okay not to be okay It's okay not to be okay When you're down and you feel ashamed ...   "
10,Light Switch,Charlie Puth,"(Yeah)  Why you callin' at 11:30 When you only wanna do me dirty? But I hit right back 'cause you got that, that, yeah  Why you always wanna act like lovers But you never wanna be each other's? I say, ""Don't look back"" but I go right back and  All of a sudden, I'm hypnotized You're the one that I can't deny Every time that I say I'm gonna walk away  You turn me on like a light switch When you're movin' your body around and around Now, I don't wanna fight this (no) You know how to just make me want  You turn me on like a light switch When you're movin' your body around and around You got me in a tight grip (yeah) You know how to just make me want you, baby  Do you love it when you keep me guessin'? (Me guessin') ...   "
11,3 Nights,Dominic Fike,"Three nights at the motel Under streetlights In the city of palms Call me what you want, when you want, if you want And you can call me names if you call me up  Three nights at the motel Under streetlights In the city of palms Call me what you want, when you want, if you want And you can call me names if you call me up  Feel like the least of all your problems You can reach me if you wanna stay up tonight Stay up at night Green lights in your body language Seems like you could use a little  Company from me But if you got everything Figured out like you say Don't waste a minute Don't wait a minute  It's only a matter of time ...   "
12,Wave of You,Surfaces,"Yeah  Where am I supposed to be Washed up, pushed out or on my feet? Tell me is this a dream Or am I stuck in a movie scene?  Daily, lately I'm spinnin' away, so crazy So baby, just take me  I think I'm caught up in a wave, I feel 'bout you I don't know how I can be so drawn into you I think I'm fallin' in deep I think I'm caught up in a wave of you, of you, mhmm  Oh, upside down, I'm tip-toein' under the sea ...   "
13,Fancy Like,Walker Hayes,"Ayy My girl is bangin' She's so low maintenance Don't need no champagne poppin' entertainment Take her to Wendy's Can't keep her off me She wanna dip me like them fries in her Frosty  But every now and then when I get paid I gotta spoil my baby with an upgrade (ayy) Ayy, ayy, ayy  Yeah, we fancy like Applebee's on a date night Got that Bourbon Street steak with the Oreo shake Get some whipped cream on the top too Two straws, one check, girl, I got you Bougie like Natty in the styrofoam Squeak-squeakin' in the truck bed all the way home Some Alabama-jamma, she my Dixieland delight (ayy) That's how we do, how we do, fancy like, oh ...   "
14,Watermelon Sugar,Harry Styles,"Tastes like strawberries On a summer evenin' And it sounds just like a song I want more berries And that summer feelin' It's so wonderful and warm  Breathe me in, breathe me out I don't know if I could ever go without I'm just thinking out loud I don't know if I could ever go without  Watermelon sugar high Watermelon sugar high Watermelon sugar high Watermelon sugar high Watermelon sugar  Strawberries on a summer evenin' Baby, you're the end of June ...   "
15,Lost,Maroon 5,"Had no connection, no faith or direction, no Searching and searching for someone to save my soul (ooh)  (Ooh-ooh-ooh-ooh) I was swept up in a wave, swept up in a wave (Ooh-ooh-ooh-ooh) then I heard you say my name Yeah-yeah, yeah-yeah  Lost, I was lost, I was lost 'til you loved me Now I'm found, now I'm found, now I'm found Yeah, you took me to a place It was safe, it was sound (sound, sound, sound) Lost, I was lost, now I'm found  Lost, I was lost, I was lost 'til you loved me Now I'm found, now I'm found, now I'm found Yeah, you took me to a place It was safe, it was sound (sound, sound, sound) Lost, I was lost, now I'm found  I was so broken, my heart was an empty space (oh, oh, oh) ...   "
16,Head & Heart (feat. MNEK),Joel Corry,"Ba-ba-ba-dum, ba-ba-dum, ba-ba-dum Ba-ba-ba-dum, ba-ba-dum, ba-ba-da-dum  Oh my God, oh my God This feeling's just begun I'm saying things I've never said Doing things I've never done Oh my God, oh my God When I see you, I should run But I'm frozen in motion And my head tells me to stop Tells me to stop  Feeling feelings I feel about us Try to fight it but it's never enough My heart is certain It's more than a crush 'Cause I'm frozen in motion And my head tells me to stop  But my heart goes Ba-ba-ba-dum, ba-ba-dum, ba-ba-dum Ba-ba-ba-dum, ba-ba-dum, ba-ba-da-dum 'Cause my heart goes Ba-ba-ba-dum, ba-ba-dum, ba-ba-dum Ba-ba-ba-dum, ba-ba-dum, ba-ba-da-dum  ...   "
17,Leave Before You Love Me (with Jonas Brothers),Marshmello,"I see you calling I didn't wanna leave you like that It's five in the morning, yeah, yeah A hundred on the dash  'Cause my wheels are rolling Ain't taking my foot off the gas And it only took the one night To see the end of the line Staring deep in your eyes, eyes  Dancing on the edge, 'bout to take it too far It's messing with my head, how I mess with your heart If you wake up in your bed, alone in the dark I'm sorry, gotta leave before you love me  ...   "
18,The Bones - with Hozier,Maren Morris,
19,Heartbreak Anthem (with David Guetta & Little Mix),Galantis,"Hello, it's me your ex I called to say not sorry, but I wish you the best And I don't hold no grudges, promise this ain't a test We okay, we okay  Sometimes it works out but sometimes it don't Maybe we'll fix this or maybe we won't Sometimes a heart can sink like a stone Until you find home  This ain't a heartbreak anthem I don't care what happened But I ain't got no time to dwell on it Don't wanna throw a tantrum You did what you had to No, I ain't got no time to dwell on it  And I don't wanna feel, I don't wanna feel hollow Chasin' you and me, chasin' all of these shadows This ain't a heartbreak anthem I don't care what happened ...   "
20,Love Again,Dua Lipa,"I never thought that I would find a way out I never thought I'd hear my heart beat so loud I can't believe there's something left in my chest anymore But goddamn, you got me in love again I used to think that I was made out of stone I used to spend so many nights on my own I never knew I had it in me to dance anymore But goddamn, you got me in love again  Show me that heaven's right here, baby Touch me, so I know I'm not crazy Never have I ever met somebody like you Used to be afraid of love and what it might do But goddamn, you got me in love again  You got me in love again You got me in love again You got me in love again Again  So many nights, my tears fell harder than rain ...   "
21,Joy,Andy Grammer,"Me and fear, we had a thing in 1993 Told me I was wasting time with all these silly dreams I dated doubt, she knocked me down every time I tried But I found joy in my life  Sorrow swept me off my feet in 2009 I took long walks on the beach next to the oceans that we cried And grief she came and overstayed way longer than I'd liked But I found joy in my life  I found joy, yeah, she opened up my eyes It gave me wings and halo rings and taught me how to fly Woo, ooh, I feel like a million lights I found joy in my life  And got me like, yeah, oh I found joy in my life ...   "
22,Glad You Exist,Dan + Shay,"Here's to all the late-night drunk phone calls that you picked up Here's to all the bad decisions that you didn't judge All the love you's and the hate you's and the secrets that you told me Here's to everyone but mostly us  There's a couple billion people in the world And a million other places we could be, but you're here with me Take a moment just to take it in 'Cause every high and every low led to this I'm just so glad you exist Ooh, ooh-ooh, ooh-ooh-ooh, ooh Ooh, ooh-ooh, ooh-ooh-ooh, ooh  ...   "
23,My Universe,Coldplay,"You (you), you are (you are) my universe And I (I) just want (just want) to put you first And you (you), you are (you are) my universe, and I  In the night, I lie and look up at you When the morning comes, I watch you rise There's a paradise they couldn't capture That bright infinity inside your eyes  매일 밤 네게 날아가 (가) 꿈이란 것도 잊은 채 나 웃으며 너를 만나 (나) Never-ending forever, baby  You (you), you are (you are) my universe And I (I) just want (just want) to put you first And you (you), you are (you are) my universe And you make my world light up inside  어둠이 내겐 더 편했었지 ...   "
24,Message In A Bottle (Taylor's Version) (From The Vault),Taylor Swift,"I know that you like me And it's kinda frightening Standing here waiting, waiting And I became hypnotized By freckles and bright eyes Tongue-tied  But now, you're so far away, and I'm down Feeling like a face in the crowd I'm reaching for you, terrified  'Cause you could be the one that I love I could be the one that you dream of A message in a bottle is all I can do Standing here, hoping it gets to you You could be the one that I keep And I, I, I could be the reason you can't sleep at night A message in a bottle is all I can do Standing here, hoping it gets to you ...   "
25,STAY (with Justin Bieber),The Kid LAROI,"I do the same thing, I told you that I never would I told you I changed, even when I knew I never could I know that I can't find nobody else as good as you I need you to stay, need you to stay, hey  I get drunk, wake up, I'm wasted still I realize the time that I wasted here I feel like you can't feel the way I feel I'll be fucked up if you can't be right here  Oh-whoa (oh-whoa, oh-whoa) Oh-whoa (oh-whoa) Oh-whoa (oh-whoa) I'll be fucked up if you can't be right here  I do the same thing, I told you that I never would ...   "
26,Share That Love (feat. G-Eazy),Lukas Graham,"I remember drivin' on my side Smoke's up, windows open The sun's in our eyes, but it's alright 'Cause we don't know where we're goin'  We don't need no mirror pointin' back Forget about the past, what's done is done and that is that You didn't have more than the shirt that's on your back But I'll never forget the way you turned to me and said  When the good times are rollin' on me I got plenty in my pocket if you're ever in need Bad times know where I'll be I got plenty in my pocket if you're ever in need Singin', oh, share that love Oh, share that love Good times are rollin' on me I got plenty in my pocket if you're ever in need  I remember you on a lifeline Holdin' on for daylight ...   "
27,Sunshine,OneRepublic,
28,Electric Love,BØRNS,"Candy, she's sweet like candy in my veins Baby, I'm dying for another taste  And every night my mind is running around her Thunder's getting louder and louder  Baby, you're like lightning in a bottle I can't let you go now that I got it And all I need is to be struck By your electric love (Ohh) Baby, your electric love (Ahh) Electric love ...   "
29,Fly Away,Tones And I,"I had a dream that someday I would just fly, fly away And I always knew I couldn't stay So I had a dream that I'd just fly away  I've been on my own for a minute Is it only me out here Searching for the place to begin it Is it me? Is it you? Is it fear? Standing on the line I was given People stare and ask me why I'm here No one seems to think that I fit in But I don't wanna be like them  No, 'cause I don't wanna be like them 'Cause I know that I, know that I ...   "
30,A-O-K,Tai Verdes,"Doesn't this guitar sound so good? Mm, mm, mm So sweet  Living in this big blue world With my head up in outer space I know I'll be A-O, A-O-K I know I'll be A-O, A-O-K When I see trouble come my way I be makin' lemonade I know I'll be A-O, A-O-K I know I'll be A-O, A-O-K (mm, mm)  Hey little lady, I know you're feelin' crazy (woo) All your other friends are busy makin' them babies (ew) Been out in the real world, don't like how it's tasting (nah) Let me change your mind with my little old saying (what?) Two-four-six-eight, who do we appreciate? (Mm) Put some sugar in my water (yah), 'cause we makin' Minute Maid (woo) ...   "
31,Chasing Stars (feat. James Bay),Alesso,It was just like magic When your hips came crashing There were fires burning And my hands learning to paint with passion It was planets meeting It was synced up breathing There were Angels calling and more free falling And I believed in (yeah)  Memories like freight trains hit me I replay to keep you with me Better to have had than not at all  We were chasing stars Across the county lines Two imperfect pieces With our fingers intertwined And I would do it all again ...   
32,seaside_demo,SEB,"Hi, baby, do you wanna be mine? Maybe we could see the seaside Wanna kick it with you, uh (I can't even lie)  Cupid hit me with a bullseye Hit hard, so I wanted to cry Girl, I wanna be with you (you, you)  I wanna pick you up Picnics in the back of my pickup truck Got drinks and movies and snacks for us Kissing on your neck like Dracula (like Dracula)  I need some blood ...   "
33,Safe With Me (with Audrey Mika),Gryffin,"Safe with me, safe with me, safe with me Yeah, yeah, yeah, yeah Safe with me, safe with me, safe with me Yeah, yeah, yeah, yeah (yeah, yeah, yeah, yeah)  Don't know why I get so messed up in my head, but I keep puttin' up fences Anything to keep away from the truth (the truth) Maybe I been goin' too hard, doin' too much Tryna drown out my senses I don't know what I be tryin' to prove  I want somebody to say to me ""Come lay with me, you're safe with me"" I want someone to come through for me Hold tight to me, finally I want somebody to wrap me up in the middle of the night, yeah Stand tall, tell me everything's alright Who'll say to me, oh, say to me ""You're safe with me"" Tell me you'll be safe  Safe with me, safe with me, safe with me Yeah, yeah, yeah, yeah Tell me you'll be safe with me Safe with me, safe with me, safe with me Yeah, yeah, yeah, yeah (yeah, yeah, yeah, yeah)  Safe with me, safe with me, safe with me ...   "
34,Save Your Tears (with Ariana Grande) (Remix),The Weeknd,"Ooh (ooh) Nah-nah, yeah  I saw you dancing in a crowded room (uh) You look so happy when I'm not with you But then you saw me, caught you by surprise A single teardrop falling from your eye  I don't know why I run away (oh, oh, oh, oh, oh) I'll make you cry when I run away (oh, oh, oh, oh, oh)  Take me back 'cause I wanna stay Save your tears for another  ...   "
35,Levitating (feat. DaBaby),Dua Lipa,
36,Sunroof,Nicky Youre,"La da, la da da, la la la La da, la da di da da, la la la la la La da, la da da, la la la La da, la da di da  I got my head out the sunroof I'm blasting our favorite tunes I only got one thing on my mind You got me stuck on the thought of you You're making me feel brand new You're more than a sunshine in my eyes  You got those pretty eyes in your head, you know it You got me dancing in my bed, so let me show it You are exactly what I want, kinda cool and kinda not Wanna give myself to you  Yeah, we're driving down the freeway at night I only got one thing in the back of my mind ...   "
37,Better Days (NEIKED x Mae Muller x Polo G),NEIKED,"I've been feeling lonely, I need someone to hold me Come on, baby, hold me Yeah, I've been feeling jaded, don't know how I should play it Tell me how to play it  Now you, you've been moving on Let me know, can I come along? Since you're gone, oh, it's been so long On my own, my own, my own, my own  Living in a haze, staying in the shade All I do is sit around and wait for better days I could use a break, can I get an amen? All I do is sit around and wait for better days  ...   "
38,Conversations in the Dark - John Legend vs. David Guetta,John Legend,
39,Blueberry Eyes (feat. SUGA of BTS),MAX,"Hmm Da da, ooh woah oh, yeah, MAX, baby Let's do it, well  Damn, you look so good Laying there wearing nothing but my t-shirt Your body's a neighborhood Wanna drive my lips all around it  'Cause I'm holding my breath Wondering when you're gonna wake up in my arms Head on my chest My heart's beating I can't wait to  Kiss you each morning With strawberry skies 'Cause I get so lost in ...   "
40,Someone To You,BANNERS,"I don't wanna die or fade away I just wanna be someone I just wanna be someone Dive and disappear without a trace I just wanna be someone Well, doesn't everyone? And if you feel the great dividing I wanna be the one you're guiding 'Cause I believe that you could lead the way  I just wanna be somebody to someone, oh I wanna be somebody to someone, oh I never had nobody and no road home I wanna be somebody to someone  And if the Sun starts to set and the sky goes cold Then if the clouds get heavy and start to fall I really need somebody to call my own I wanna be somebody to someone Someone to you Someone to you ...   "
41,Put Your Records On,Ritt Momney,"Three little birds sat on my window And they told me I don't need to worry Summer came like cinnamon, so sweet Little girls double-dutch on the concrete  Maybe sometimes, we got it wrong but it's alright The more things seem to change The more they stay the same Don't you hesitate  Girl, put your records on, tell me your favorite song You go ahead, let your hair down Sapphire and faded jeans I hope you get your dreams Just go ahead, let your hair down You're gonna find yourself somewhere, somehow ...   "
42,Cloudy Day,Tones And I,"Am I living? Oh, what a funny thing to say But there's alive, and then there's living Am I living for today? Hmm  And I'm getting older With every memory I make Now that I'm older, with these moments Will I live with them or just throw them away, away?  But your momma always said, ""Look up into the sky Find the sun on a cloudy day"" But your momma always said, ""Look up into the sky Find the sun on a cloudy day, on a cloudy day"" But your momma always said, ""Look up into the sky Find the sun on a cloudy day, on a cloudy day"" But your momma always said, ""Look up into the sky ...   "
43,You Were Loved (with OneRepublic),Gryffin,
44,Lil Bit,Nelly,"What up, Nelly? You ready to do another one, bruh? Talk to 'em (uh, uh, uh, uh), haha  Yeah, runnin' all red lights Pull up to the club, just to get, to get ahead, right I do this shit er'ry night You can call it limelight, I'ma call it my life Shawty lookin' alright TK jeans on, skin-skin-skintight She be shakin' that taillight Got me froze in the road like a deer in the headlights (uh, uh, yeah)  Oh, Backwoods, wanna know if you can roll Got Cîroc on the rocks, ice-cold Got the coupe on the new town road Real low, oh  I know we just met, but, girl, let's roll Let's roll, whoa, let's roll, let's roll I'll go anywhere you wanna go Let's go, oh  And she said, ""Take me to the country, show me where you from"" I said, ""Shawty, you gon' love me and we gon' have some fun"" I'll break out my big wheel and you can climb on up Girl, I think you a big deal, now show your boy some love  Huh, just a lil' bit Just a lil' bit (uh) Just a lil' bit (yeah) ...   "
45,Little Bit of Love,Tom Grennan,"I've been holding onto pieces Swimming in the deep end Tryna find my way back to you 'cause I'm needin' A little bit of love A little bit of love, a little bit of love  Lately I've been counting stars And I'm sorry that I broke your heart It's something that I didn't want for you But I'm stepping on broken glass And I know this is my final chance All I'm tryna do is find my path to you  I've got voices in my head And there's a deafening silence I've got voices in my head And I can't lie  I've been holding onto pieces Swimming in the deep end Tryna find my way back to you 'cause I'm needin' A little bit of love A little bit of love, I need a little love ...   "
46,Heat Waves,Glass Animals,"Last night, all I think about is you Don't stop, baby, you can walk through Don't wanna, but I think about you You know that I'm never gonna lose  Road shimmer wiggling the vision Heat, heat waves, I'm swimming in a mirror Road shimmer wiggling the vision Heat, heat waves, I'm swimmin' in a...  Sometimes all I think about is you Late nights in the middle of June Heat waves been faking me out Can't make you happier now Sometimes all I think about is you Late nights in the middle of June Heat waves been faking me out Can't make you happier now  Usually, I put something on TV So we never think about you and me But today, I see our reflections clearly in Hollywood Laying on the screen You just need a better life than this ...   "
47,Way Less Sad,AJR,"Hey-hey-hey, hey-hey-hey, hey-hey-hey Hey-hey-hey, hey-hey-hey (oh-oh-oh), hey-hey-hey  I should move 'cause New York is gettin' muddy out There's L.A. but it's always kinda sunny out And I don't wanna hurt no more So I set my bar real low  I'm a-okay, I'm a-okay (ah-ah, ah-ah, ah-ah) You say it but you just don't mean it You're so insane, you're so insane (ah-ah, ah-ah, ah-ah) Shut up and just enjoy this feelin'  Don't you love it, don't you love it? No, I ain't happy yet But I'm way less sad Don't you love it, don't you love it? No, I ain't happy yet But I'm way less sad  Hеy-hey-hey, hey-hеy-hey, hey-hey-hey But I'm way less sad Hey-hey-hey, hey-hey-hey (oh-oh-oh), hey-hey-hey But I'm way less sad  ...   "
48,THATS WHAT I WANT,Lil Nas X,"One, two, three, four  Need a boy who can cuddle with me all night Keep me warm, love me long, be my sunlight Tell me lies, we can argue, we can fight Yeah, we did it before, but we'll do it tonight  An afro, black boy with the gold teeth With dark skin, looking at me like he know me I wonder if he got the G or the B Let me find out and see, coming over to me, yeah  These days, I'm way too lonely I'm missing out, I know These days, I'm way too alone And I'm known for giving love away, but ...   "
49,Dandelions,Ruth B.,"Maybe it's the way you say my name Maybe it's the way you play your game But it's so good, I've never known anybody like you But it's so good, I've never dreamed of nobody like you  And I've heard of a love that comes once in a lifetime And I'm pretty sure that you are that love of mine  'Cause I'm in a field of dandelions Wishing on every one that you'll be mine, mine And I see forever in your eyes I feel okay when I see you smile, smile Wishing on dandelions all of the time Praying to God that one day you'll be mine Wishing on dandelions all of the time, all of the time  ...   "
50,WHERE WE ARE,The Lumineers,"Where we are (where we are) I don't know where we are (where we are) But it will be okay Where we are (where we are) I don't know where we are (where we are) But it will be okay  Laying on a table like I wasn't even there Holding on a steering wheel and coming up for air What was that? Driving in the rain, what was that? Calling out your name  Staring at the ceiling fan and feeling far away Leaning on the reasons like it wasn't even fair What was that? Driving in the rain, what was that? Calling out your name  Where we are ...   "
51,Dancing Feet (feat. DNCE),Kygo,"Spin you around on the chandeliers Head over heels like tears for fears Your love No, I can't get enough (Uh)  Losing my cool but I'm staying alive Dance in the rain just to kiss the night Your touch Oh, it fits like a glove (Oh-oh) (Ay)  Don't need drama I just need one word to get to you So tell me now do you want it?  'Cause these dancing feet don't cry to the rhythm they cry for you And every Saturday night that you ain't here my tears are blue And these blinding lights they shine so bright like we're on the moon But I don't wanna dance another beat, no, unless it's with you  Dancing feet, feet, feet, feet Dancing feet, feet, feet (I don't wanna dance) Dancing feet, feet, feet, feet Feet, feet, feet  Dancing feet, feet, feet, feet Dancing feet, feet, feet (But I don't wanna dance) I don't wanna dance another beat, no Unless it's with you  ...   "
52,Stay Next To Me (with Chelsea Cutler),Quinn XCII,"Didn't even wanna go out, why'd you call me? I've had a long day and still got laundry Two, three, four, make me drink more Then you walk through the door All my friends are buying blow in the bathroom There's people climbing up the wall 'cause it's a packed house ""Who are you? What's your name?"" I ask Surprised she answered fast  I think there's too many random bodies dancing near us If three's a crowd, what would you call this?  Yeah We should go somewhere You choose, I don't care As long as you're right here Stay next to me Yeah We can barely stand And we both don't know this band I'll move, just hold my hand Stay next to me  The cigarettes and the burn of your whiskey I can taste on my tongue when you kiss me ...   "
53,Cold Heart - PNAU Remix,Elton John,"(Oh) (You're my cold heart) (Oh)  It's a human sign When things go wrong When the scent of her lingers And temptation's strong  Cold, cold heart Hard done by you Some things looking better, baby Just passing through (oh, no, no, no, no)  And I think it's gonna be a long, long time 'Til touchdown brings me 'round again to find I'm not the man they think I am at home ...   "
54,Bam Bam (feat. Ed Sheeran),Camila Cabello,"You said you hated the ocean, but you're surfing now I said I'd love you for life, but I just sold our house We were kids at the start, I guess we're grown ups now (mmm) Couldn't ever imagine even having doubts But, not everything works out, no  Now I'm out dancing with strangers You could be casually dating Damn, it's all changing so fast  Así es la vida, sí Yeah, that's just life, baby Yeah, love came around and it knocked me down But I'm back on my feet Así es la vida, sí Yeah, that's just life, baby I was barely standing, but now I'm dancing He's all over me (goza)  Ba-da, bam-bam-bam-bam, bam-bam Ba-da, bam-bam-bam-bam, bam-bam Ba-da, bam-bam-bam-bam, bam-bam Ba-da, bam-bam-bam-bam (así es la vida) Ba-da, bam-bam-bam-bam, bam-bam (uh-huh) Ba-da, bam-bam-bam-bam, bam-bam (uh-huh) Ba-da, bam-bam-bam-bam, bam-bam (uh-huh) Ba-da, bam-bam-bam-bam  It's been a hell of a year, thank God we made it out ...   "
55,Anyone,Justin Bieber,"Dance with me under the diamonds See me like breath in the cold Sleep with me here in the silence Come kiss me, silver and gold  You say that I won't lose you But you can't predict the future So, just hold on like you will never let go Yeah, if you ever move on without me I need to make sure you know that  You are the only one I'll ever love (I gotta tell ya, gotta tell ya) Yeah, you, if it's not you, it's not anyone (I gotta tell ya, gotta tell ya) Looking back on my life You're the only good I've ever done (ever done) ...   "
56,Meet Me At Our Spot,THE ANXIETY,"When I wake up I can't even stay up I slept through the day, fuck I'm not getting younger But when I'm older I'll be so much stronger I'll stay up for longer Meet me at our spot  Caught a vibe (woo, woo) Baby, are you coming for the ride? (The ride, the ride, the ride) I just wanna look into your eyes (your eyes, your eyes) I just wanna stay for the night, night, night When we take a drive (woo, woo) Maybe we can hit the 405 Hypnotized by the lights Man, this must be the life  ...   "
57,Clarity,Vance Joy,"The day began like all the rest A frantic beating in my chest A panicked reeling in my brain Perspective lost but nothing gained I was so stuck inside my shell Then the ground began to sway I realised what mattered most, to me  When the stars began to fall right out of the sky And the seas were rising up I had one thing in mind It was you, it was you, it was you It was you, it was you, it was you When the road began to crumble in front of my eyes There was only one person I wanted to find It was you, it was you, it was you It was you, it was you, it was you, darling, hey-hey-hey  ...   "
58,Mariposa,Peach Tree Rascals,I can't wait for you To come my way I've been far away But I'll keep runnin' Just to find a way to you 'til then  I been running from it Tired of running from it Scared of feeling something Now I'm stuck and tryna get up out of this hole I tried to be strong I tried to make it work but I've been feeling so numb  Skies are bleeding on me Why'd you leave me lonely? Feeling Whitney Stoney Now I'm stuck and wonder where I ever went wrong How could I be strong I'm fighting for your love  I can't wait for you To come my way I've been far away ...   
59,You (with Marshmello & Vance Joy),benny blanco,"In the moments when I hear my voice But don't feel like myself Wish I could hold you, it's only you In the moments when I walk these city streets with someone else I wish I told you, it's only you  Oh, you, only you When the night is over out of all the places I could choose I go to you, only you Feel you just below the surface, darling All I wanna do is go to you  I go to you ...   "
60,Be Like That - feat. Swae Lee & Khalid,Kane Brown,Sometimes it be like that  We both wanna love We both wanna slide We both wanna argue until we're both right And you want a hug I kiss you goodnight Maybe we're both just out of our mind (ooh)  And you throw tantrums while I'm twistin' up No medicine is fixin' us Can't tell you why but tell you what You got me thinkin'  I might be better on my own I hate you blowin' up my phone I wish I never met your ass Sometimes it be like that But I'm not myself the nights you're gone There ain't no way I'm movin' on I'm not afraid to need you bad Sometimes it be like that  Sometimes it be like that  ...   
61,Let's Fall in Love for the Night,FINNEAS,"Let's fall in love for the night And forget in the mornin' Play me a song that you like You can bet I'll know every line I'm the boy that your boy hoped that you would avoid Don't waste your eyes on jealous guys, fuck that noise I know better than to call you mine  You need a pick me up? I'll be there in twenty five I like to push my luck So take my hand, let's take a drive I've been livin' in the future Hopin' I might see you sooner I want you, riding shotgun ...   "
62,All I Know So Far,P!nk,"I haven't always been this way I wasn't born a renegade I felt alone, still feel afraid I stumble through it anyway  I wish someone would've told me that this life is ours to choose No one's handing you the keys or a book with all the rules The little that I know I'll tell to you When they dress you up in lies and you're left naked with the truth  You throw your head back And you spit in the wind Let the walls crack 'Cause it lets the light in Let 'em drag you through hell They can't tell you to change who you are (That's all I know so far)  And when the storm's out You'll run in the rain Put your sword down Dive right into the pain Stay unfiltered and loud You'll be proud of that skin full of scars That's all I know so far That's all I know so far  So you might give yourself away, yeah And pay full price for each mistake ...   "
63,Where Are You Now,Lost Frequencies,"You're just like my favorite song Going 'round and 'round my head Like my favorite song Going 'round and 'round my head  Five days on the freeway Ridin' shotgun with you (yeah, yeah) Two hearts in the fast lane We had big dreams in blue (yeah, yeah)  Playin' ""Sweet Child O' Mine"" And I still feel that line Where are you now? Where are you now?  Hey, it's been too long Too long to go, my love Where did we go wrong? Too late to turn around  Where are you now? Where are you now? Hey, it's been too long ...   "
64,I AM WOMAN,Emmy Meli,"I am woman, I am fearless I am sexy, I'm divine I'm unbeatable, I'm creative Honey, you can get in line I am feminine, I am masculine I am anything I want I can teach you, I can love you If you got it going on  If you got it, got it, got it, got it, got it, got it If you got it, got it, got it, got it, got it going on Got it, got it, got it, got it, got it, got it, got it If you got it, got it, got it, got it, got it going on Got it on going on, ya (Got it, got it, got it, got it, got it going on) (Got it, got it, got it, got it, got it going on, yeah)  I'm classy, I'm modern, I live by my own design I'm cherry, I'm lemon, I'm the sweetest key lime pie I'm electric, I'm bass, I'm the beat of my own drum I could make your goosebumps raise With the tracing of my thumb  Only love can get inside me ...   "
65,When I’m Gone (with Katy Perry),Alesso,"When I'm gone, I'm never really gone You think you're moving on But it won't be for long, you'll see When I'm gone, I'm never really gone You think you're moving on But no one's gonna feel like, feel like  Me on top of you Touch you like I do No, you'll never forget When I'm gone, I'm never really gone You think you're moving on But no one's gonna feel like, feel like  (Ah-ah-ah-ah) When I'm gone  Thought it would be easy ...   "
66,For Tonight,Giveon,"We've been done long before it all begun Still can't give it up Lead me on, but leave before the morning comes Even thought it's what we want, can't keep this up for long  But I just, I just don't wanna leave you Might just, might just throw away the reasons Why we both can't lay here And secret, secret, both gotta keep it Honest, honest, that's just a game We know we both can't play  For tonight, I'm yours ...   "
67,Overpass Graffiti,Ed Sheeran,"This is a dark parade Another rough patch to rain on, to rain on I know your friends may say This is a cause for celebration, hip-hip-hooray, love Photographs in sepia tones It's so still, the fire's barely fighting the cold, alone There are times when I can feel your ghost Just when I'm almost letting you go The cards were stacked against us both  I will always love you for what it's worth We'll never fade like graffiti on the overpass And I know time may change the way you think of us But I'll remember the way we were, you were the first full stop Love that will never leave Baby, you will never be lost on me ...   "
68,Catching Feelings (feat. Six60),Drax Project,Caught up in a dream that I just thought was passing through Colored in with vivid memories of me and you And on a moonlit night I've never seen stars this bright No I can't help it  I've been catching feelings over you And I hope you catch them too I hope you catch them too And I've been going crazy over you (I've been going crazy) And I hope you're crazy too I hope you're crazy too  Crazy too  ...   
69,West Coast,OneRepublic,
70,I Like That,Bazzi,"Is this thing on?  Twisted, baby, I'm a goner I'm a monster Don't listen to a word I say 'Cause I say things that I don't mean (don't speak) When the liquor speak (liquor speak) Don't wanna break your pretty heart 'cause  Oh-oh, I love to lay when laying is next to you I feel alive with shawty by my side  Let's dance I like that, yeah, I like that, yeah I like that angel running fingers through my hair ...   "
71,Summer of Love (Shawn Mendes & Tainy),Shawn Mendes,"Kisses on your body were like heaven, we were taking it slow  Tangled in the sheets until the evening, there was nowhere to go, yeah We were in a daze learning Each other's shapes, tracing Shadows of rain down your back, oh-oh Kisses on your body in my memory, baby, nothing comes close  It was the summer of love A delicate daydream And for a couple of months It felt like we were 18, yeah  It was the summer of love La-love La-love, yeah It was the summer of La-love La-love  Meditation and tequila Calling you my señorita ...   "
72,Make You Mine,PUBLIC,"Well, I will call you darlin' And everything will be okay 'Cause I know that I am yours And you are mine Doesn't matter anyway  In the night, we'll take a walk It's nothing funny, just to talk  Put your hand in mine You know that I want to be with you all the time You know that I won't stop, until I make you mine You know that I won't stop, until I make you mine Until I make you mine  Well, I have called you darlin' ...   "
73,Big Energy,Latto,"Got that real big energy Got that real big energy (hey Daddy) When you gon' stop playing?  Bad chick, I could be your fantasy (yeah) I can tell you got big, big energy (uh-huh) It ain't too many of 'em that can handle me (yeah) But I might let you try it off the Hennessy Make 'em sing to this thang like a melody And if your girl ain't right, I got the remedy (mmh) It ain't too many of 'em that can handle me (ayy) Bad chick, I could be your fantasy (ayy, ayy)  Tell me how you want it (huh?) Three, two, one and I'm on it (on it) Feel good, don't it? (Don't it?) Hood chick, f- you in a bonnet (yeah) I'ma bust it on the pole like Onyx (ooh) I'm just being honest (uh-huh) Juicy, Minute Maid (uh) But can't do it one minute, man (hell no) Not a side or a main, I'm the only one he entertain Spending his, mine in the bank (in the bank)  I like what I see (yeah) ...   "
74,Wild (feat. Gary Clark Jr.),John Legend,"I just bought a new car One where the top goes down So we can see the stars I wanna take you so far Out past the Saturn rings And into my heart  I wanna drive you Wild, wild, wild I wanna love you For miles and miles  We can go slow We don't need to rush I'll take the wheel, make you feel every touch I wanna drive you Wild, wild, wild  Lay on the passenger's side ...   "
75,Acapulco,Jason Derulo,
