,track_name,artist_name,tweets
0,One Right Now (with The Weeknd),Post Malone,"Iâ€™m obsessed with this bop by The Weeknd and Post Malone â€œone right nowâ€. ğŸ”¥ğŸ§ one right now (with the weeknd) by post malone is actually kpop â™«One Right Now by The Weeknd, Post Malone, from #SoundHound with LiveLyricsÂ® https://t.co/xeFIcZs5Ih"
1,dancing in the kitchen,LANY,"Hi everyone! One of my favorite songs is dancing in the kitchen by LANY. It's a great song for when you're feeling mellow or when you want to feel like you're in a music video. Hi everyone! One of my favorite songs is dancing in the kitchen by LANY. It's a great song for when you're feeling mellow or when you want to feel like you're in a music video. alexa play slow dancing in the kitchen by lany https://t.co/GQgSVMnroF dancing in the kitchen - lany https://t.co/WrlR6WMa5L lany - dancing in the kitchen. album lany yg malibu nights sama gg bb xx bagus bagusğŸ¥¹ https://t.co/d2WlrY3jwo Already edited a video of sunghoon with lany - dancing in the kitchen as the background music and i just know that sunghoon was listening to why dont we :"") RT @NameSmileee: @fayerynn à¸„à¸§à¸²à¸¡à¸«à¸¡à¸²à¸¢à¸„à¸¥à¸±à¹ˆà¸‡à¸£à¸±à¸à¸ªà¸¸à¸”à¹†à¹„à¸›à¹€à¸£à¸¢à¸¢à¸¢à¸¢ à¹ƒà¸«à¹‰à¸—à¸£.à¸„à¸™à¹€à¸”à¸µà¸¢à¸§à¹€à¸¥à¸¢à¸„à¹ˆà¸° ğŸ˜‰âœ¨ 

I could spend a thousand nights right here inside this rooâ€¦ @fayerynn à¸„à¸§à¸²à¸¡à¸«à¸¡à¸²à¸¢à¸„à¸¥à¸±à¹ˆà¸‡à¸£à¸±à¸à¸ªà¸¸à¸”à¹†à¹„à¸›à¹€à¸£à¸¢à¸¢à¸¢à¸¢ à¹ƒà¸«à¹‰à¸—à¸£.à¸„à¸™à¹€à¸”à¸µà¸¢à¸§à¹€à¸¥à¸¢à¸„à¹ˆà¸° ğŸ˜‰âœ¨ 

I could spend a thousand nights right here inside this room
Swear the only one I want is you
And it doesn't matter what we do
We could have nothing at all

Dancing in the Kitchen - LANY Dancing in the kitchen - LANY https://t.co/vLzmNjkVhZ"
2,Sheesh!,Surfaces,"Surfaces &amp; Tai Verdes - Sheesh! RT @kevs_stash: Siri, play Sheesh! By Surfaces ğŸ˜šğŸ˜ https://t.co/5FKDf3BTYb This song is sickkkk!! ""Sheesh!"" by Surfaces, Tai Verdes https://t.co/Kg2dKXCrK0 https://t.co/AVMJIk5Fuj Surfacesæœ€é«˜ã«ãƒãƒ«ã§å¥½ãğŸŒ´

https://t.co/bEUmKPpvN9 [OnlyHitUS] Right now: Sheesh!
 by Surfaces, Tai Verdes Join us on https://t.co/Q2ZfUngJan https://t.co/7Uw4ekX9j2 @surfaces just heard Sheesh! while driving a car in Fortnite w/my cousinsğŸ¥° you have no idea how happy that made meğŸ¥²ğŸ«  @JustStacie5683 Sheesh! by Surfaces"
3,Can I Get It,Adele,"RT @retriever_lover: Adele - Can I Get It (Official Lyric Video) https://t.co/e0yu2dELFI Î¼Î­ÏƒÏ‰ @YouTube RT @adele30please: Can I Get It has probably aged the best to me from 30â€¦ it has so much potential to be big if Adele and her team pushes iâ€¦ Can I Get It - Adele @srialover FAÃ‡O!! mas primeiro vou fazer um com can i get it da adele pq ja tenho a ideia toda montada na cabeÃ§a ğŸ˜­ğŸ˜­ RT @adele30please: Can I Get It has probably aged the best to me from 30â€¦ it has so much potential to be big if Adele and her team pushes iâ€¦ RT @adele30please: Can I Get It has probably aged the best to me from 30â€¦ it has so much potential to be big if Adele and her team pushes iâ€¦ RT @gurlbowdown: Adele making Can I get it
https://t.co/qTJ4NO6rz9 Can I Get It has probably aged the best to me from 30â€¦ it has so much potential to be big if Adele and her team pushes it ğŸ˜­ Adele making Can I get it
https://t.co/qTJ4NO6rz9 Hereâ€™s the thing about KCAs, I canâ€™t disagree with the results. Adele herself said this album ainâ€™t for children and teenagers and we did vote, put in our efforts but Billie won it, I get it, now global artist should be won by Adele and not BTS because Adele had more acclaim amen"
4,Black And White,Niall Horan,
5,Take My Breath,The Weeknd,"@DJDENSE The Weeknd- take my breath RT @theweeknd: dawn universe videos in orderâ€¦ take my breath &gt; sacrifice &gt; The Weeknd dawn fm experience on Amazon prime &gt; gasoline â€¦ THENâ€¦ [OnlyHitUS] Currently: Take My Breath
 by The Weeknd Listen on all your devices with TuneIn! https://t.co/Q2ZfUngJan https://t.co/FeYDSsrffN The Weeknd - Take My Breath ğŸ”Š #NowPlaying on #BBCRadio2's #OJBorg ğŸ•Šï¸

The Weeknd:
  ğŸµ Take My Breath

#TheWeeknd 

https://t.co/s36rhRSZTQ The Weeknd - Take My Breath https://t.co/MPh8MG0Gkm #NowPlaying #BBCRadio2 Now Playing The Weeknd - Take My Breath TheWeeknd The Weeknd - Take My Breath The Weeknd Take My Breath The Weeknd https://t.co/0CjxkSFpoa The Weeknd - Take My Breath #REFLEXRADIO #REFLEXNOW sml904FM Weekly 7x: Take My Breath (The Weeknd)"
6,SUPERBLOOM,MisterWives,"Taking a career leap from cosmetology for a bit and starting at Herkimer college this fall! Cybersecurity and digital forensics baby! So excited to learn and grow! (Also peep the superbloom hoodie @MisterWives ğŸ’–) https://t.co/Vi4AEuPR2K @SadieJay101 Good Morning Sadie - I heard this song today and it made me think of you Superbloom by Misterwives. RT @artofjoenni: finished this SUPERBLOOM-inspired wonderland of a piece just in time for the @MisterWives livedream weekend ğŸŒ¸ https://t.coâ€¦ RT @artofjoenni: finished this SUPERBLOOM-inspired wonderland of a piece just in time for the @MisterWives livedream weekend ğŸŒ¸ https://t.coâ€¦ Misterwives - Superbloom https://t.co/251aM0e32r rn my best ideas are
1) misterwives superbloom theme bc that album is the only reason I graduated
2) spongebob timecard, ""sixteen months later...""
3) some kinda riff on the chicago flag I sent it to him too, but one song I'll never get tired of, that never fails to make things feel a little lighter is Superbloom by Misterwives ğŸŒ·ğŸŒ¹ğŸŒºğŸŒ» https://t.co/f4QOEqVQ1P"
7,Shivers,Ed Sheeran,"Now on air :  Ed Sheeran - Shivers (NAVOS Remix)  #Hitmusic  #NewMusicFriday #music #soundcloud  #newmusic #newmusicfriday #spotify  @officialcharts @YouTube @BRITs 'Shivers' by Ed Sheeran Feat. Jessi &amp; #SUNMI has surpassed 90K Shazams! 

#ì„ ë¯¸ @miyaohyeah https://t.co/1YjT9fTUqI Now Playing Shivers - Ed Sheeran https://t.co/pAyljGcGas Playing Now: Ed Sheeran, ""Shivers"", 03:27, #EdSheeran https://t.co/PNH0QKwxu3 all i want in the world is for someone to think about me like how ed sheeran thinks about whoever shivers is about SHIVERS by ED SHEERAN now playing on BigmanRadio #NowPlaying  #StreamingLive  https://t.co/2lOXdlC0Gg [21:01] Ed Sheeran - Shivers (Ofenbach Remix) #nowplaying @BIZwebradio https://t.co/dNCmG0FZNI #NowPlaying 
Ed Sheeran - Shivers (Clean)
Listen Here: https://t.co/0ljlTYbGLX
 #GTVRadio #submit #music RT @fireball_annie: Shivers - Ed Sheeran (cover by Fireball Annie) - piano only https://t.co/rQTKDW6tc6 via @YouTube 

Shivers - Ed Sheeranâ€¦ 01:20: ""Shivers"" von Ed Sheeran"
8,Let's go to Hell,Tai Verdes,"Now Playing: Tai Verdes - Let's Go To Hell (Click Here To Listen) https://t.co/kcNQSyXRrW Nu op ZTACK: Let's go to Hell van Tai Verdes! ğŸ¶
ğŸ“»Tune in op https://t.co/XYjsqE6MaU! Nu op ZTACK: Let's go to Hell van Tai Verdes! ğŸ¶
ğŸ“»Tune in op https://t.co/XYjsqE6MaU! Now Playing: Tai Verdes - Let's Go To Hell (Click Here To Listen) https://t.co/kcNQSyXRrW Nu op ZTACK: Let's go to Hell van Tai Verdes! ğŸ¶
ğŸ“»Tune in op https://t.co/XYjsqE6MaU! Now Playing: Tai Verdes - Let's Go To Hell (Click Here To Listen) https://t.co/kcNQSyXRrW Nu op ZTACK: Let's go to Hell van Tai Verdes! ğŸ¶
ğŸ“»Tune in op https://t.co/XYjsqE6MaU! Nu op ZTACK: Let's go to Hell van Tai Verdes! ğŸ¶
ğŸ“»Tune in op https://t.co/XYjsqE6MaU! Have you heard â€˜Let's go to Hellâ€™ by Tai Verdes on #SoundCloud? #np https://t.co/izUteFzDNE Now Playing: Tai Verdes - Let's Go To Hell (Click Here To Listen) https://t.co/kcNQSyXRrW"
9,OK Not To Be OK,Marshmello,"Marshmello &amp; Demi Lovato - OK Not To Be OK (Lyrics) https://t.co/25Td0fCD9I via @YouTubeMusic

My mood right now..... #NowPlaying Marshmello &amp; Demi Lovato - OK Not To Be OK #SWIFTWAVERADIO Listen Live on https://t.co/rTI0vlu5qn TRIBE is mostly playing marshmello &amp; Demi Lovato - OK Not To Be OK at the moment. Listen in at https://t.co/9Fcy7U08ug Now Playing: OK Not to Be OK by Marshmello &amp; Demi Lovato. https://t.co/gCdjI2V0wy Now playing on OnlyTunes: Ok Not to Be Ok by Marshmello Feat. Demi Lovato! Tune in now: https://t.co/QSc4YvXbpO OK Not To Be OK https://t.co/1xLK3CmIq9 #pop #marshmello @marshmello https://t.co/0LJfSwh62e Marshmello - OK Not To Be OK #NowPlaying Marshmello &amp; Demi Lovato - OK Not To Be OK #SWIFTWAVERADIO Listen Live on https://t.co/rTI0vlu5qn Marshmello - OK Not To Be OK (and Demi Lovato) Now Playing on 234Radio, Marshmello and Demi Lovato - OK Not To Be OK.

Listen live on https://t.co/CtrpndTCI7

Download 234Radio mobile app on iOS and Android."
10,Light Switch,Charlie Puth,"[2022/04/11 10:45]
Light Switch / Charlie Puth
#FM802

â—Radikoã‚¿ã‚¤ãƒ ãƒ•ãƒªãƒ¼ã§è´ãâ†“
https://t.co/hJxxQ2LsOq

â—iTunesã§è©¦è´â†“https://t.co/ZCHtTBjdIE It's party time. Now Light Switch (Tiesto Remix) - Charlie Puth on https://t.co/b97MPDulOx https://t.co/3jxEdVOFmB Light Switch - Charlie Puth https://t.co/7TMVN46pda 

ë‚ ì´ ë„ˆë¬´ ì¢‹ë‹¤.. RT @sakutayxcp: An important thing to note: 
[FOR CHARLIE PUTH STANS]
We need to focus on light switch more than thatâ€™s hilarious because lâ€¦ for the record, my last tweet was satire. i hate charlie puth. always have. you just want attention? bad song. lets marvin gaye and get it on? jee super original charlie. and dont even get me started on light switch. his mediocrity is unbeatable. no bc i love charlie puth. like hes such a lyrical genius. â€œyou turn me on like a light switchâ€ like hello??? thats such a good line. idk if you guys are just too young to understand how frikin awesome that line is but wow. charlie puth is just too good. @SparkPluggUwU Light switch by Charlie puth ""Light Switch"" - Charlie Puthâ”ƒJapanese Version (Cover) https://t.co/719OhYhcmH via @YouTube RT @AllAccessAsia1: SOTD is 'Light Switch' by Charlie Puth - covered by Jinho.  I'm so glad Magazine Ho is back, I love my monthly doses ofâ€¦ #NowPlaying sur @RadioRG30
â¡ CHARLIE PUTH : Light switch"
11,3 Nights,Dominic Fike,"Dominic Fike - 3 Nights RT @fikeupdates: Dominic Fike performing â€œ3 Nightsâ€ at UCONN via sydneysalomonn! https://t.co/PnA3508AIH Now playing Dominic Fike - 3 Nights by Dominic Fike! Listen https://t.co/wX7TIX2B1m Music recommendations:

Machine Gun Kelly - in these walls 
Lucky Daye - Over 
DeVita - Movies 
Palaye Royale - Paranoid 
Anees - Maybe 
Dominic Fike - 3 Nights 
Halsey - 3am 
Drake - Popstar 
NF - The Search 
NF - Just Like You
Tora - Too Much
Stephen - Crossfire [ ğŸ§¡ ]  Lah

â€¢3 NIGHTS [Dominic Fike]
https://t.co/TDpWtg23nn

â€¢BAD IDEA [Moonbin&amp;Sanha]
https://t.co/h22CY0rBwZ

â€¢VIP *-* [Luisa Sonza]
https://t.co/wpcFLDo07g

â€¢PRIMEIRA VEZ [Clau]
https://t.co/8eJPt7qfzQ

â€¢APHRODITE [Rini]
https://t.co/t1r73kdhwd https://t.co/7nDJKRjs6i Now Playing Dominic Fike - 3 Nights #dominicfike Now playing on OnlyTunes: 3 Nights by Dominic Fike! Tune in now: https://t.co/QSc4YvXbpO ã‚‚ã†ã©ã“ã‹ã§DJã‚„ã‚‹ã“ã¨ãªã‚“ã¦äºŒåº¦ã¨ãªã„ã ã‚ã†ã‘ã©ã€å¿˜ã‚Œãªã„ã‚ˆã†ã«ãƒ¡ãƒ¢

Dominic Fike - 3 Nights
Kid Cudi Vs Crookers - Day 'n' Nite
TLC - Silly Ho

BPMå°‘ã—ãšã¤ä¸‹ã’ã¦ç¹‹ã’ã¦ã¿ãŸã„
æœ€å¾Œã¯ãƒ€ã‚¦ãƒŠãƒ¼ã«æŒã£ã¦ã„ããŸã„ Dominic Fike - 3 Nights RT @fikeupdates: Dominic Fike performing â€œ3 Nightsâ€ at UCONN via sydneysalomonn! https://t.co/PnA3508AIH"
12,Wave of You,Surfaces,"RT @PARTSOFJOY: @HughMally @Sillyshib @GeordieApe @JenImpertinent Either you're not flushing, causing a wave of germs to land on toothbrushâ€¦ @HughMally @Sillyshib @GeordieApe @JenImpertinent Either you're not flushing, causing a wave of germs to land on toothbrushes/other surfaces, you close the lid to flush, wait for germs to settle and then lift it back up or you've developed a miraculous thing where you can shut the lid but not put the seat down? Which is it? [OnlyHitUS] #NowPlaying : Wave of You
 by Surfaces Listen on the website: https://t.co/Q2ZfUngJan Nu op ZTACK: Wave of You van Surfaces! ğŸ¶
ğŸ“»Tune in op https://t.co/XYjsqE6MaU! RT @NaseSilvestre19: Wave of You by Surfaces [ English JoshTin AU]

-Josh brought Justin with him for a vacation just for the both of them.â€¦"
13,Fancy Like,Walker Hayes,"RT @rca_usaxxx: Got a little fancy over the weekend at the Walker Hayes concert. Heâ€™s extremely talented and a super nice humble guy. We neâ€¦ Walker Hayes - Fancy Like RT @TodaysCountryMa: TOMORROW NIGHT - 2022 @CMT AWARDS NOMINEES - Male Video of the Year: @walkerhayes  - ""Fancy Like"" - https://t.co/FzqC8â€¦ Walker Hayes - ""Fancy Like"" (Official Music Video)
https://t.co/rGw0z5BFBr TOMORROW NIGHT - 2022 @CMT AWARDS NOMINEES - Male Video of the Year: @walkerhayes  - ""Fancy Like"" - https://t.co/FzqC80EPk8 Now Playing: Walker Hayes - Fancy Like (Click Here To Listen) https://t.co/kcNQSyXRrW WALKER HAYES - FANCY LIKE https://t.co/5TJlTrKSZ6 Now Playing: Walker Hayes - Fancy Like (Remix) (Ft Kesha) (Click Here To Listen) https://t.co/kcNQSyXRrW Walker Hayes - Fancy Like My 2 year old@just asked to hear the Applebees song aka fancy like by Walker Hayes ğŸ˜‚#wilmingtonNC #MostRequestedLive"
14,Watermelon Sugar,Harry Styles,"RT @TheHSCharts: ğŸ‡¨ğŸ‡­ Harry Styles' history on the Singles Chart in Switzerland:

#1. 'As It Was'
#3. 'Watermelon Sugar'
#4. 'Sign of the Timâ€¦ RT @hstfetus: COMPRO UM DOIS INGRESSOS PRO SHOW DO HARRY STYLES EM SÃƒO PAULO ğŸ†˜ ğŸ†˜ ğŸ†˜ 

- PISTA PREMIUM CHERRY OU WATERMELON SUGAR

palavras câ€¦ RT @TheHSCharts: ğŸ‡¨ğŸ‡­ Harry Styles' history on the Singles Chart in Switzerland:

#1. 'As It Was'
#3. 'Watermelon Sugar'
#4. 'Sign of the Timâ€¦ @DoveMaslowWW You rock! WATERMELON SUGAR by HARRY STYLES is playing next on Star 106.9! Listen &amp; Vote 4 More: https://t.co/mNqnBsuY1C Pwrd by @MatthewsBuickGM my favorite harry styles song is watermelon sugar high RT @statisticsHS: ğŸ“Š| Harry Styles Top Songs Global Spotify â€” [01-07 abril]

â€œAs It Wasâ€ â€” #1 (nueva)
â€œWatermelon Sugarâ€ â€” #44 (+23)
â€œAdoreâ€¦ RT @TheHSCharts: ğŸ‡¨ğŸ‡­ Harry Styles' history on the Singles Chart in Switzerland:

#1. 'As It Was'
#3. 'Watermelon Sugar'
#4. 'Sign of the Timâ€¦ RT @statisticsHS: ğŸ“Š| Harry Styles Top Songs Global Spotify â€” [01-07 abril]

â€œAs It Wasâ€ â€” #1 (nueva)
â€œWatermelon Sugarâ€ â€” #44 (+23)
â€œAdoreâ€¦ #TocandoAgora #NowPlaying on #RadioGaLeraS:  Harry Styles - Watermelon Sugar #ListenAt https://t.co/VIJiiTPNWa RT @statisticsHS: ğŸ“Š| Harry Styles Top Songs Global Spotify â€” [01-07 abril]

â€œAs It Wasâ€ â€” #1 (nueva)
â€œWatermelon Sugarâ€ â€” #44 (+23)
â€œAdoreâ€¦"
15,Lost,Maroon 5,"ğŸ”Š Ara sona | Maroon 5-Lost https://t.co/nvRzUaaeT5 Viciada estou por Lost do Maroon 5 

Eu jÃ¡ tinha ouvido ela algumas vezes mas MANO, QUE MÃšSICA INCRÃVEL !!! Maroon 5 - Lost stars. 
Ini mah bkn nya jadi benci, tapi kayak agak sedih-sedih gimanaaaa gitu soalnya mantan yg jaman sma mah baik hati sekali jadi g banyak hal yg aku inget bisa dibenci. https://t.co/o9eUGGvIiT Maroon 5 - Lost Now Playing: Maroon 5 - Lost (Click Here To Listen) https://t.co/kcNQSyXRrW ğŸ”Š Ara sona | Maroon 5-Lost https://t.co/nvRzUaaeT5 @Fayokunmii I love everything about Maroon 5.
.
Have you listen to Lost ? Now Playing: Maroon 5 - Lost (Click Here To Listen) https://t.co/kcNQSyXRrW ğŸ”Š Ara sona | Maroon 5-Lost https://t.co/nvRzUaaeT5 @METROFMSA @CapfinSA Lost - Maroon 5 #MetroMillion"
16,Head & Heart (feat. MNEK),Joel Corry,
17,Leave Before You Love Me (with Jonas Brothers),Marshmello,"Love this song https://t.co/MIHWRhcoqR RT @portalmellogang: Unfortunately, ""Leave Before You Love Me"" by the Marshmello and Jonas Brothers lost the category it was competing in aâ€¦ RT @portalmellogang: Unfortunately, ""Leave Before You Love Me"" by the Marshmello and Jonas Brothers lost the category it was competing in aâ€¦ RT @portalmellogang: Unfortunately, ""Leave Before You Love Me"" by the Marshmello and Jonas Brothers lost the category it was competing in aâ€¦ RT @portalmellogang: Unfortunately, ""Leave Before You Love Me"" by the Marshmello and Jonas Brothers lost the category it was competing in aâ€¦ RT @portalmellogang: Unfortunately, ""Leave Before You Love Me"" by the Marshmello and Jonas Brothers lost the category it was competing in aâ€¦ Unfortunately, ""Leave Before You Love Me"" by the Marshmello and Jonas Brothers lost the category it was competing in at the #KidsChoiceAwards for ""Favorite Music Collaboration"".

Congratulations to The Kid Laroi and Justin Bieber with ""Stay"". https://t.co/2606dNNIkZ #Nowplaying Leave Before You Love Me (with Jonas Brothers) - Marshmello  - Stream here-&gt; https://t.co/YiXxSepm8x - Non Stop Hits 24/7 #Rideshare #Radio #Hits #Uber #RideshareRadio #StandingWithUkraine #KKRvMI #JO1ANNX #InternationalAsexualityDay #Talk2Me RT @mellocharts: ""Leave Before You Love Me"" by the Marshmello and Jonas Brothers reached #1 on RateTheMusic's AC format this week with a Poâ€¦ RT @mellocharts: ğŸ“»| ""Leave Before You Love Me"" by the Marshmello and Jonas Brothers returned to the Top 100 songs with the most audience onâ€¦"
18,The Bones - with Hozier,Maren Morris,"The bones by maren morris ft. hozier just. fucking knocked the ground under my feet i. Lord. https://t.co/ojR8FJV3Ym The Bones by Maren Morris &amp; Hozier &gt;&gt;&gt; https://t.co/RptvG7Jl3a @silverstcrm the bones - maren morris &amp; hozier
hallway weather - niki
around - niki
as it was - harry styles
ğŸ˜†ğŸ˜† @bryanbehar ""The Bones"" by Maren Morris and Hozier. 
https://t.co/sKF80cuIzI"
19,Heartbreak Anthem (with David Guetta & Little Mix),Galantis,
20,Love Again,Dua Lipa,"Dua Lipa - Love Again https://t.co/kBthkjpAmG Dua Lipa - Love Again (Garabatto Remix) [Official Audio] https://t.co/E1ERMVcE4t via @YouTube Now Playing Dua Lipa - Love Again -escuchala en https://t.co/Om4r4u1aQu #nowplaying #DuaLipa ~ Dua Lipa | Love Again ||| BB RADIO - Voll die Vielfalt! Åu anda ' Dua Lipa - Love Again ' dinliyorum. Sende hemen dinlemek iÃ§in tÄ±kla! https://t.co/pk5UGhT88I Love Again | Dua Lipa | Future Nostalgia #nowplaying #DuaLipa ~ Dua Lipa | Love Again ||| Radio TEDDY - In #Berlin #DAB auf Kanal 7B #NowPlaying Dua Lipa - Love Again https://t.co/yBpkV0Ha8y ğŸ”Š Auf #WDR2 lÃ¤uft...

Dua Lipa:
  ğŸµ Love again

ğŸ•Šï¸ #NowPlaying #DuaLipa 

https://t.co/rS6XSsh6If Have been listening to Love Again by Dua Lipa on repeat"
21,Joy,Andy Grammer,
22,Glad You Exist,Dan + Shay,
23,My Universe,Coldplay,"RT @Dagelanco: ğŸ¤¯@MindblowonNFT 3x WL GiveawayğŸ¤¯

Did a lot collaboration with big brands and artist: BTS/Coldplay ""My Universe"", 88rising, Vâ€¦ RT @justmaiko: ğŸ¤¯@MindblowonNFT 2x WL GiveawayğŸ¤¯

Mindblowon known as @tahilalats, collaborated with brands and artist: BTS/Coldplay ""My Univâ€¦ RT @Dagelanco: ğŸ¤¯@MindblowonNFT 3x WL GiveawayğŸ¤¯

Did a lot collaboration with big brands and artist: BTS/Coldplay ""My Universe"", 88rising, Vâ€¦ RT @justmaiko: ğŸ¤¯@MindblowonNFT 2x WL GiveawayğŸ¤¯

Mindblowon known as @tahilalats, collaborated with brands and artist: BTS/Coldplay ""My Univâ€¦ RT @Dagelanco: ğŸ¤¯@MindblowonNFT 3x WL GiveawayğŸ¤¯

Did a lot collaboration with big brands and artist: BTS/Coldplay ""My Universe"", 88rising, Vâ€¦ RT @Dagelanco: ğŸ¤¯@MindblowonNFT 3x WL GiveawayğŸ¤¯

Did a lot collaboration with big brands and artist: BTS/Coldplay ""My Universe"", 88rising, Vâ€¦ RT @dakotaj_updates: Chris Martin dedicated â€œMy Universe"" to Dakota during Coldplayâ€™s concert last night. 

â€œI sing this to my Universe. Miâ€¦ RT @Dagelanco: ğŸ¤¯@MindblowonNFT 3x WL GiveawayğŸ¤¯

Did a lot collaboration with big brands and artist: BTS/Coldplay ""My Universe"", 88rising, Vâ€¦ RT @Dagelanco: ğŸ¤¯@MindblowonNFT 3x WL GiveawayğŸ¤¯

Did a lot collaboration with big brands and artist: BTS/Coldplay ""My Universe"", 88rising, Vâ€¦ RT @justmaiko: ğŸ¤¯@MindblowonNFT 2x WL GiveawayğŸ¤¯

Mindblowon known as @tahilalats, collaborated with brands and artist: BTS/Coldplay ""My Univâ€¦"
24,Message In A Bottle (Taylor's Version) (From The Vault),Taylor Swift,"Taylor Swift - Message In A Bottle (Taylor's Version) (From The Vault) Taylor Swift - Message In A Bottle (Taylor's Version) (From The Vault) (Lyric V https://t.co/RaOzqngUsn #nowplaying TAYLOR SWIFT - Message In A Bottle (Taylor's Version) (From The Vault) Playing Now: Taylor Swift, ""Message In A Bottle (Taylor's Version) (From The Vault)"", 03:45, #TaylorSwift #TaylorsVersion https://t.co/PNH0QKwxu3 Taylor Swift - Message in a Bottle (Taylor's version) (from The Vault)
https://t.co/EM4vVz1Lll
For consideration, submit music to info@twofactormedia.com...
#2FactorMedia #Media #Music #Entertainment Taylor Swift - Message In A Bottle (Taylor's Version) (From The Vault) (Lyric V https://t.co/RaOzqngUsn Monica just listened to ""Message In A Bottle (Taylor's Version) (From The Vault)"" by Taylor Swift on Spotify.
Listen along here: https://t.co/Cl83x2huK6 berlin, new politics
message in a bottle (taylorâ€™s version) (from the vault), taylor swift
as it was, harry styles Message In A Bottle (Taylor's Version) (From The Vault) by Taylor Swift. https://t.co/ju6HYfAzOS AquÃ­ va una canciÃ³n para tiâ€¦ Message In A Bottle (Taylor's Version) (From The Vault) de Taylor Swift
https://t.co/R6BZUE0L6N"
25,STAY (with Justin Bieber),The Kid LAROI,"#Nowplaying STAY (with Justin Bieber) - The Kid LAROI  - Stream here-&gt; https://t.co/YiXxSepm8x - Non Stop Hits 24/7 #Rideshare #Radio #Hits #Uber #RideshareRadio #StandingWithUkraine #KKRvMI #JO1ANNX #InternationalAsexualityDay #Talk2Me RT @JBCrewdotcom: Congratulations to The Kid LAROI &amp; Justin Bieber for winning the Kidâ€™s Choice Award for Favorite Music Collaboration withâ€¦ RT @JBCrewdotcom: Congratulations to The Kid LAROI &amp; Justin Bieber for winning the Kidâ€™s Choice Award for Favorite Music Collaboration withâ€¦ Songs to Sing in the Car CLEAN ğŸ¥‡:

STAY (with Justin Bieber) | The Kid LAROI, Justin Bieber

#thekidlaroi #justinbeiber 

https://t.co/WUElFwCCn8 [Spotify] le top 5 Mondial du jour est : 
1. As It Was par Harry Styles
2. First Class par Jack Harlow
3. Heat Waves par Glass Animals
4. STAY (with Justin Bieber) par The Kid LAROI
5. Enemy (with JID) - from the series Arcane League of Legends par Imagine Dragons
#SPOTIFY RT @portalmellogang: Unfortunately, ""Leave Before You Love Me"" by the Marshmello and Jonas Brothers lost the category it was competing in aâ€¦ Ross Lynch was listening to STAY by The Kid LAROI with Justin Bieber 21 minutes ago
https://t.co/XyHZHOdiek RT @JBCrewdotcom: Congratulations to The Kid LAROI &amp; Justin Bieber for winning the Kidâ€™s Choice Award for Favorite Music Collaboration withâ€¦ RT @JBCrewdotcom: Congratulations to The Kid LAROI &amp; Justin Bieber for winning the Kidâ€™s Choice Award for Favorite Music Collaboration withâ€¦ RT @JBCrewdotcom: Congratulations to The Kid LAROI &amp; Justin Bieber for winning the Kidâ€™s Choice Award for Favorite Music Collaboration withâ€¦"
26,Share That Love (feat. G-Eazy),Lukas Graham,Lukas Graham - Share That Love (feat. G-Eazy) [Official Music Video] https://t.co/brUF43Z5QS via @YouTube Lukas Graham - Share That Love (feat. G-Eazy) [Official Music Video] https://t.co/p66o0QLSzY à¸œà¹ˆà¸²à¸™ @YouTube
27,Sunshine,OneRepublic,"Nu op ZTACK: Sunshine van OneRepublic! ğŸ¶
ğŸ“»Tune in op https://t.co/XYjsqE6MaU! New favourite song ğŸ¶ ğŸ§ Sunshine - OneRepublic (1 hour loop) https://t.co/xhC1lAeWIl via @YouTube Now playing: Sunshine by OneRepublic #nowplaying Listen live: https://t.co/DswV8KZOAD https://t.co/QvhBsGo62i ti amo mi manchi stream sunshine by onerepublic ft aisha @aishamaryam___ https://t.co/AydtD4Z5kV RT @mixfm_now: Now playing: Sunshine by OneRepublic #nowplaying Listen live: https://t.co/DswV8KHFmv https://t.co/DHy8WT4fIH Nel profilo di Aisha c'Ã¨ la sua versione di Sunshine. In quello degli OneRepublic no ğŸ‘ï¸ğŸ‘„ğŸ‘ï¸

#Amici21 https://t.co/EfJzjSDyqz Sunshine dei onerepublic sono i bangtan OneRepublic - Sunshine (Official Lyric Video) https://t.co/nK7d7rBUsX @YouTubeã‚ˆã‚Š Nu op ZTACK: Sunshine van OneRepublic! ğŸ¶
ğŸ“»Tune in op https://t.co/XYjsqE6MaU! â£
è‰¯ã™ããŸã€‚ã³ã£ãã‚Š.â£
â£
#sunshineâ£
#OneRepublicâ£
( ãŠå€Ÿã‚Šã—ã¦ã¾ã™ğŸ«¡ )
â£ https://t.co/bmrmnWO1B9"
28,Electric Love,BÃ˜RNS,@convomf electric love - bÃ¸rns BÃ˜RNS - Electric Love BÃ˜RNS - Electric Love (Official Music Video) https://t.co/Sks7Nuk5Ul via @YouTube BÃ˜RNS - Electric Love CanciÃ³n del dÃ­a: Electric Love - BÃ¸rns ğŸ§šâ€â™€ï¸ RT @Eangel4285: BÃ˜RNS - Electric Love (Official Music Video) https://t.co/VEOaOzG6NK via @YouTubeğŸ§¡ Now Playing this jam Electric Love (Oliver Remix) - BÃ˜RNS COMMERCIAL FREE ALWAYS - https://t.co/A5DLpYk3TY BÃ˜RNS - Electric Love BÃ˜RNS - Electric Love (Official Music Video) https://t.co/ugepbwGSle via @YouTube i think electric love by bÃ¸rns and black skinhead by ye have the same drumsâ€¦
29,Fly Away,Tones And I,
30,A-O-K,Tai Verdes,"@NebNebVO Home - Phillip Phillips, Yesterday- The Beatles, A-O-K - Tai Verdes Hereâ€™s a song for youâ€¦ A-O-K by Tai Verdes
https://t.co/FFiFXbqovP @HYPEBEAST A-O-K - Tai Verdes ê¸°ì–µã…ã…,
í˜ë“¤ ë•ŒëŠ” Tai Verdes, A-O-K ë“£ê¸° Noise under your hood?  The team at Salt River Automotive can diagnose the problem and fix it fast.  https://t.co/5czNVQaC4U or call 636-900-7258 Coming up on Westplex 107.1 is A O K by Tai Verdes  That's Next! Now playing: A-O-K (Los Padres &amp; Jay Mac Radio Edit) by Tai Verdes #listen at https://t.co/ojQrJuJjJ8 https://t.co/GdYJmQ69rl #NowPlaying Tai Verdes - A-O-K The Westplex region of St. Charles County has a radio station that's dedicated to the citizens and businesses.  More info at https://t.co/PV6nxrC451 Coming up on Westplex 107.1 is A O K by Tai Verdes  That's Next! The Music Never Stops - Now Playing - A-O-K - Tai Verdes LISTEN LIVE NOW: https://t.co/A5DLpYk3TY https://t.co/bclpcxOWtX Now Playing on iWoody Radio:

Tai Verdes - A-O-K

https://t.co/xQCwDKsHk1"
31,Chasing Stars (feat. James Bay),Alesso,"#nowplaying ALESSO &amp; MARSHMELLO - Chasing Stars (FEAT. JAMES BAY) Playing Now Chasing Stars (feat. James Bay) by @Alesso https://t.co/n7kBJEeNJb En ce moment sur Radio FrÃ©quence Zic : Chasing Stars de Alesso &amp; Marshmello feat. James Bay  / A Ã©couter sur https://t.co/9Qs7asPTTu  #NowPlaying https://t.co/oZUiRXJOPC @SAFFAOnAirRadio is now playing, Alesso,Marshmello,James Bay - Chasing Stars (feat. James Bay). Streaming live via the @TheSaffaApp #LekkerMusiek #SaffasMusic #SAFFASokkie"
32,seaside_demo,SEB,"Now Playing: SEB - Seaside Demo (Click Here To Listen) https://t.co/kcNQSyXRrW 2:57am seaside_demo by SEB from It's OK, We're Dreaming (EP) https://t.co/CSqRR6T9Az Now Playing: SEB - Seaside Demo (Click Here To Listen) https://t.co/kcNQSyXRrW 2:24pm seaside_demo by SEB from It's OK, We're Dreaming (EP) https://t.co/bRFc3x5QCb Check out ""seaside_demo"" by Seb on Amazon Music. https://t.co/6055BBbf3I @razevadestaxes MF DOOM - Rapp snitch knishes

Tears for Fears - everybody wants to rule the world (not weezer ong id kill you that is a crime)

BOOGIE - Brockhampton 

seaside_demo - SEB

Glass animals dreamland album

Idk thereâ€™s some variety in that 10:01am seaside_demo by SEB from It's OK, We're Dreaming (EP) https://t.co/Fzi3RYAira Now Playing: SEB - Seaside Demo (Click Here To Listen) https://t.co/kcNQSzfsju @mercstan seaside_demo by SEB :) love you â™¥ï¸ Now Playing: SEB - Seaside Demo (Click Here To Listen) https://t.co/kcNQSyXRrW"
33,Safe With Me (with Audrey Mika),Gryffin,"Gryffin &amp; Audrey Mika - Safe With Me 19. ìƒˆë²½í˜•ì¸ë° ìœ ì „ìê²€ì‚¬ì—ì„œëŠ” ì•„ì¹¨í˜•ìœ¼ë¡œë‚˜ì˜¤ë“œë¼
20. ì›ë˜ ì—¬ë¦„ì´ì—‡ëŠ”ë° ê°€ì„ë¨
21. ë…¸ë˜ì¶”ì²œ: Gryffin&amp;Audrey Mika - Safe with me
22. ìŒë£Œ: ì»¤í”¼...ì¸ë° ìš”ì¦˜ì€ ì•½ë¨¹ì–´ì„œ ëª»ë¨¹ìŒ
23. ì§‘..ì¼í‰ìƒëˆ„ì›Œì„œì§€ë‚¼ìˆ˜ë„ì‡ìŒ
24. íŠ¸ìœ„í„°
25. í™”ì´íŠ¸
26. ë”±íˆì—†ëŠ”ë””,,,ë„ˆë¬´ë§¤ìš´ê±°?
27. ë‚¯ì—„ì²­ê°€ë¦¼ Gryffin &amp; Audrey Mika - Safe With Me"
34,Save Your Tears (with Ariana Grande) (Remix),The Weeknd,
35,Levitating (feat. DaBaby),Dua Lipa,"Dua Lipa - Levitating feat. DaBaby (Don Diablo Remix) [Official Audio] https://t.co/Az25AFeohQ via @YouTube Now playing Levitating by Dua Lipa feat. DaBaby! https://t.co/zLqY3O603R  Listen Mon-Fri to; #TheGudTymezShow - #TheHonestTruth - #TheJaytheGreatShow- #Sapphiresoup Show - (Saturday's) The Marcus Devine Show https://t.co/E3ggrsvbeD https://wgtsd... #Nowplaying Levitating (feat. DaBaby) - Dua Lipa  - Stream here-&gt; https://t.co/YiXxSepm8x - Non Stop Hits 24/7 #Rideshare #Radio #Hits #Uber #RideshareRadio #StandingWithUkraine #KKRvMI #JO1ANNX #InternationalAsexualityDay #Talk2Me Dua Lipa feat. DaBaby - Levitating https://t.co/f9fvZJBTTj [OnlyHitUS] #NowPlaying : Levitating (feat. DaBaby)
 by Dua Lipa, DaBaby Listen on the website: https://t.co/Q2ZfUngJan æ˜”ã®æ´‹æ¥½ãŒå¥½ããªäººã«åˆºã•ã‚‹ã‚ˆãª

ã€å’Œè¨³ã€‘Dua Lipaã€ŒLevitating feat. DaBabyã€ã€å…¬å¼ã€‘ https://t.co/jjWj1R1QQ0 @YouTubeã‚ˆã‚Š JeÅ›li ktoÅ› by mnie zapytaÅ‚, ktÃ³ra piosenka najbardziej kojarzy mi siÄ™ z NBA - odpowiedziaÅ‚bym:

Dua Lipa - Levitating (feat. DaBaby) https://t.co/SO0kDadSyB Now playing Levitating by Dua Lipa feat. DaBaby! https://t.co/zLqY3O603R  Listen Mon-Fri to; #TheGudTymezShow - #TheHonestTruth - #TheJaytheGreatShow- #Sapphiresoup Show - (Saturday's) The Marcus Devine Show https://t.co/E3ggrsvbeD https://wgtsd... â™«Levitating (feat. DaBaby) by Dua Lipa, from #SoundHound https://t.co/AbpYT3GAY5 @nageppuri FFå¤–ã‹ã‚‰å¤±ç¤¼ã—ã¾ã™ğŸ™‡â€â™€ï¸

 Dua Lipa Feat. DaBabyã®Levitatingã§ã™ï¼"
36,Sunroof,Nicky Youre,"@illoquents sunroof by nicky youre @nkmtgil sunroof by nicky youre Nicky Youre, dazyã®Sunroofã‚’
å¤•é£¯ä½œã‚ŠãªãŒã‚‰è´ã„ã¦ã„ãŸã€‚ Nicky Youre, dazy / Sunroof
https://t.co/P6YeQ73WDb Know abt me
Name starts with ""k""
Fav color: cyan,dandelion,tan
Fav subject: chemist
Fav animal: caracal,sabertooth
Fav song : toxic by boy with uke and  sunroof by nicky youre
Fav series: money heist and anne with an e
Country:ğŸ‡µğŸ‡­
Dream job: vet
Phobias : electric,alone,dolls
ğŸ’—ğŸ’— Sunroof - Nicky Youre &amp; Dazy https://t.co/1wM2Z786A2 @banjarbase Sunroof - nicky youre, dazy
Mood booster bgt Gerade lÃ¤uft: Sunroof von Nicky Youre &amp; Dazy abspielen unter https://t.co/bk3MpF8ZjY #webradio #oberoesterreich #malatunes https://t.co/i9gpVCbbg9 @skipthewolf I'd recommend

Sunroof - Nicky Youre &amp; Daisy
Bad Habits - Ed Sheeran
Playing To Lose - Lemaitre
Dancing In My Room - 347aidan
Long Drives - Boywithuke
Hang Up - WRLD
Ghost - Confetti
Castle - Halsey Nicky Youre &amp; Dazy â€“ Sunroof Ä°spanyolca ÅarkÄ± SÃ¶zleri TÃ¼rkÃ§eÂ AnlamlarÄ± https://t.co/M1S3yaFmzk"
37,Better Days (NEIKED x Mae Muller x Polo G),NEIKED,"#Now Playing on WFER https://t.co/7245ENZEUf NEIKED x Mae Muller x Polo G - Better Days (Country Club Martini Crew Extended Remix - Explicit) NEIKED x Mae Muller x Polo G #Listen now on WFER https://t.co/7245ENZEUf https://t.co/GwemVJOSK8 #Now Playing on WFER https://t.co/7245ENZEUf NEIKED x Mae Muller x Polo G - Better Days (Country Club Martini Crew Extended Remix - Explicit) NEIKED x Mae Muller x Polo G #Listen now on WFER https://t.co/7245ENZEUf https://t.co/IFAFVLVYtT #nowplaying NEIKED X MAE MULLER X POLO G - Better Days #NowPlaying NEIKED x Mae Muller x Polo G - Better Days (Country Club Martini Crew Extended Remix - Explicit) NEIKED x Mae Muller x Polo G #PlayingNow on WFER https://t.co/7245ENZEUf â€œWhere The Beat Begins!â€ https://t.co/JhENWmzUfz Actuellement sur votre Radio #MASTERFM Better Days_ - Mae Muller X Neiked X  Polo G #Toulouse #Occitanie #PlayingNow on WFER Fleet EDM Radio NEIKED x Mae Muller x Polo G - Better Days (Country Club Martini Crew Extended Remix - Explicit) NEIKED x Mae Muller x Polo G #StreamingLive on WFER https://t.co/7245ENZEUf https://t.co/7usLQ2iri7 #Now Playing on WFER https://t.co/7245ENZEUf NEIKED x Mae Muller x Polo G - Better Days (Country Club Martini Crew Extended Remix - Explicit) NEIKED x Mae Muller x Polo G #Listen now on WFER https://t.co/7245ENZEUf https://t.co/Wa1X957Yd1 #PlayingNow on WFER Fleet EDM Radio NEIKED x Mae Muller x Polo G - Better Days (Country Club Martini Crew Extended Remix - Explicit) NEIKED x Mae Muller x Polo G #StreamingLive on WFER https://t.co/7245ENZEUf https://t.co/llmijbhpmQ NEIKED,Mae Muller,Polo G - Better Days (NEIKED x Mae Mull #Nowplaying Better Days (NEIKED x Mae Muller x Polo G) - NEIKED  - Stream here-&gt; https://t.co/YiXxSepm8x - Non Stop Hits 24/7 #Rideshare #Radio #Hits #Uber #RideshareRadio #StandingWithUkraine #KKRvMI #JO1ANNX #InternationalAsexualityDay #Talk2Me"
38,Conversations in the Dark - John Legend vs. David Guetta,John Legend,"John Legend - Conversations in the Dark - John Legend vs. David Guetta  https://t.co/utUxCLyLar Monday Mosh Radio; Now Playing John Legend, David Guetta - Conversations in the Dark (John Legend vs. David Guetta) #HamSphereMMR https://t.co/ozjfsLXMx2"
39,Blueberry Eyes (feat. SUGA of BTS),MAX,"RT @MSUGADATA: ğŸ“ˆ [SPOTIFY UPDATE]

'Blueberry Eyes' by MAX (feat. SUGA of BTS) has surpassed 176 million streams on Spotify.

ğŸ”—https://t.coâ€¦ RT @MSUGADATA: ğŸ“ˆ [SPOTIFY UPDATE]

'Blueberry Eyes' by MAX (feat. SUGA of BTS) has surpassed 176 million streams on Spotify.

ğŸ”—https://t.coâ€¦ WHATS UP GUYS???? ITS ME- MAX!!! ğŸ’›ğŸ’œğŸ’›ğŸ’œğŸ’›ğŸ’œğŸ’› SUPPORT MY NEW SONG CALLED BLUEBERRY EYES FEAT SUGA OF BTS OUT NOW!!!!! ğŸ’›ğŸ’œğŸ’›ğŸ’œğŸ’›ğŸ’œğŸ’›ğŸ’œ RT @SugaWWST: â€˜Blueberry Eyesâ€™ by MAX (feat. SUGA of BTS) has surpassed 176 million streams on Spotify.

(https://t.co/Y4Bgps1pLM) 

ã‚·ãƒ¥ã‚¬ ë°©íƒ„â€¦ RT @SugaWWST: â€˜Blueberry Eyesâ€™ by MAX (feat. SUGA of BTS) has surpassed 176 million streams on Spotify.

(https://t.co/Y4Bgps1pLM) 

ã‚·ãƒ¥ã‚¬ ë°©íƒ„â€¦ RT @SugaWWST: â€˜Blueberry Eyesâ€™ by MAX (feat. SUGA of BTS) has surpassed 176 million streams on Spotify.

(https://t.co/Y4Bgps1pLM) 

ã‚·ãƒ¥ã‚¬ ë°©íƒ„â€¦ RT @SugaWWST: â€˜Blueberry Eyesâ€™ by MAX (feat. SUGA of BTS) has surpassed 176 million streams on Spotify.

(https://t.co/Y4Bgps1pLM) 

ã‚·ãƒ¥ã‚¬ ë°©íƒ„â€¦ â€˜Blueberry Eyesâ€™ by MAX (feat. SUGA of BTS) has surpassed 176 million streams on Spotify.

(https://t.co/Y4Bgps1pLM) 

ã‚·ãƒ¥ã‚¬ ë°©íƒ„ì†Œë…„ë‹¨ ìŠˆê°€ #SUGA #BTSSUGA #ìŠˆê°€ #MAX (@BTS_twt) https://t.co/vn8r6Cer9R RT @allfoormyg: â€˜Blueberry Eyesâ€™ (feat SUGA of BTS) de Max ha superado los 176 MILLONES de streams en Spotify. 

#ë°©íƒ„ì†Œë…„ë‹¨ìŠˆê°€ #SUGA #ìŠˆê°€ #BTSSUGâ€¦ RT @allfoormyg: â€˜Blueberry Eyesâ€™ (feat SUGA of BTS) de Max ha superado los 176 MILLONES de streams en Spotify. 

#ë°©íƒ„ì†Œë…„ë‹¨ìŠˆê°€ #SUGA #ìŠˆê°€ #BTSSUGâ€¦"
40,Someone To You,BANNERS,"@ktvsingularitae someone to you by banners @joy4_le @0000studios @moonchildshopco While the banners are cute (at times), if youâ€™re blocking someone elseâ€™s view, itâ€™s no fair. They paid to see the boys too. I might lose my cool should that happen when I see the boys, Iâ€™m short but Iâ€™m a paying concert goer too, not to mention â€œIâ€™m an army tooâ€â˜ºï¸ @sonicamedia I'm not sure if you mean twitch or tik tok content but playing through story quests, doing wishes on new banners and doing challenges can be good content, also playing with group can be really fun :D

If you need any help / someone to play with I'm always down:) @realtadjude You've been saying that same line for over 29 years of trying to get elected in any office under the Democrat, Republican and Independent and Green Party banners. Inciting Trump won't help you. A chameleon politician just wanting someone to vote them in. ""Enemy"" imagine dragons
""someone to you"" banners https://t.co/kfp7RwqlF9 https://t.co/Wcp2CUFWhu Now: Someone To You - BANNERS on https://t.co/euPh0ZZYk8 https://t.co/6LZEEUV4Oe The Music Never Stops - Now Playing - Someone To You (Clean) - BANNERS LISTEN LIVE NOW: https://t.co/A5DLpYk3TY https://t.co/i3OkoIkufO someone to you // banners Is he looking at something or someone? Or the Marry me Yoongi banners? Did he see the Do you want to see my cat banner? I want his reaction on that. ğŸ˜ https://t.co/gj0CwSKXtd todos tenemos nuestros mÃ©todos para conocer cosas nuevas.
para la mÃºsica a mi me pasa que primero la escucho como parte del video de un fandom o en su version Nightcore. de momento las 2 nuevas canciones que me gustan son:
Stand Out Fit In- one ok rock
 Someone To You- BANNERS"
41,Put Your Records On,Ritt Momney,"#NowPlaying Ritt Momney || Put Your Records On ğŸ¶ğŸ¶ Ritt Momney - Put Your Records On Ritt Momney - Put Your Records On Ritt Momney - Put Your Records On https://t.co/f9fvZJBTTj #NowPlaying
Ritt Momney - Put Your Records On
ANDROID https://t.co/q1BZxY4ocm
IOS  https://t.co/isHS2fFrsp
PeÃ§a sua mÃºsica aqui https://t.co/NrJyF726Oh
https://t.co/hKZF1uCKmi RT @StudioRadioLC: #SuenaAhora Ritt Momney - Put Your Records On #Apoya #Comparte #TalentoIndependiente #RT  https://t.co/G07Rr604jr #SuenaAhora Ritt Momney - Put Your Records On #Apoya #Comparte #TalentoIndependiente #RT  https://t.co/G07Rr604jr Ritt Momney - Put Your Records On #NowPlaying
Ritt Momney - Put Your Records On
ANDROID https://t.co/q1BZxY4ocm
IOS  https://t.co/isHS2fFrsp
PeÃ§a sua mÃºsica aqui https://t.co/NrJyF726Oh
https://t.co/hKZF1uCKmi #NowPlaying Put Your Records On by Ritt Momney #listen at https://t.co/RGN0Gpaxia"
42,Cloudy Day,Tones And I,
43,You Were Loved (with OneRepublic),Gryffin,"Gryffin - You Were Loved (with OneRepublic)  https://t.co/utUxCLyLar OneRepublic - You Were Loved (with Gryffin)  #nowplaying #onair #listenlive #streamingnow #goodmusic #80s #newhits #eradiosa #gardenroute #knysna #George #Mosselbay #capetown #Gqeberha #southafrica #westerncape - Tune in: https://t.co/yaayRJxmoU Gryffin - You Were Loved (with OneRepublic)  https://t.co/utUxCLyLar RT @RealTNTRadio: #Nowplaying Gryffin - You Were Loved (with OneRepublic) #top40 #realradio #notalkjustmusic #music4life #music #hitmusic #â€¦ #Nowplaying Gryffin - You Were Loved (with OneRepublic) #top40 #realradio #notalkjustmusic #music4life #music #hitmusic #radio https://t.co/QVUVbKIDuF Gryffin - You Were Loved (with OneRepublic)  https://t.co/utUxCLyLar Listen #free in #Spotify now: ""You Were Loved (with OneRepublic)"" by Gryffin, OneRepublic https://t.co/TkGtUjetY8 https://t.co/i4QbSP2t0X ""You Were Loved (with OneRepublic)"" by Gryffin, OneRepublic https://t.co/5a3yMJdUB5 #NowPlaying Gryffin - You Were Loved (with OneRepublic)  https://t.co/utUxCLyLar OneRepublic - You Were Loved (with Gryffin)  #nowplaying #onair #listenlive #streamingnow #goodmusic #80s #newhits #eradiosa #gardenroute #knysna #George #Mosselbay #capetown #Gqeberha #southafrica #westerncape - Tune in: https://t.co/yaayRJxmoU"
44,Lil Bit,Nelly,"RT @TodaysCountryMa: TOMORROW NIGHT - 2022 @CMT AWARDS NOMINEES - Collaborative Video of the Year: @Nelly_Mo  ft. @FLAGALine  - ""Lil Bit"" -â€¦ @McNasty Still going down by Morgan Wallen or Lil bit by Florida Georgia Line and Nelly RT @TodaysCountryMa: TOMORROW NIGHT - 2022 @CMT AWARDS NOMINEES - Collaborative Video of the Year: @Nelly_Mo  ft. @FLAGALine  - ""Lil Bit"" -â€¦ TOMORROW NIGHT - 2022 @CMT AWARDS NOMINEES - Collaborative Video of the Year: @Nelly_Mo  ft. @FLAGALine  - ""Lil Bit"" - https://t.co/RQ2yQbBwwP Now Playing: ""Lil Bit"" By ""Nelly &amp; Florida Georgia Line"" is on Q106.8 Country | WQKT-DB https://t.co/Lb3PM6yUgV #NowPlayingOnQCountry Nelly, Florida Georgia Line - Lil Bit-  #kbcountryradio #indiemusic #internetradio  #indie  https://t.co/zXMnxXHP4M RT @FLAGALine: Your boys are nominated for @CMT's â€œCollab Video of the Yearâ€ for â€˜Lil Bitâ€™ w/ @Nelly_Mo at the 2022 #CMTawards!! Vote everyâ€¦ Nelly, Florida Georgia Line - Lil Bit (Official Video) https://t.co/YWIkyiUoxl via @YouTube @Snow_Blacck Lil Bit   Nelly &amp; Florida Georgia Line Nelly, Florida Georgia Line - Lil Bit-  #kbcountryradio #indiemusic #internetradio  #indie  https://t.co/zXMnxXHP4M"
45,Little Bit of Love,Tom Grennan,"#NowPlaying 
Tom Grennan, Emily Roberts - Little Bit of Love
Listen Here: https://t.co/0ljlTYbGLX
 #GTVRadio #submit #music Nu op ZTACK: Little Bit of Love van Tom Grennan! ğŸ¶
ğŸ“»Tune in op https://t.co/XYjsqE6MaU! Listen hits music rock pop dance now playing: Little Bit of Love - TOM GRENNAN on https://t.co/euPh100w9G https://t.co/h7BaUOPy42 A Little Bit of Love - @Tom_Grennan (2021)

I've been holding onto pieces, swimming in the deep end
Tryna find my way back to you 
'Cause I'm needing a little bit of love https://t.co/YmwkVhpwcc 15:32: ""Little Bit of Love"" von Tom Grennan RT @tomgfanpage: @dqnix96 @Tom_Grennan I forgot to say something about the other two! Little bit of love that's pure some of that video makâ€¦ @dqnix96 @Tom_Grennan I forgot to say something about the other two! Little bit of love that's pure some of that video makes me tear ğŸ˜‚ğŸ¥², show true love ğŸ’•, found what I've been looking for is the first song I heard of tom only needs 10 seconds to say I'm in love with his voice!ğŸ’š @tomgfanpage @Tom_Grennan For me it was By Your Side, I saw the video and thought ""who is this handsome man?"" Then I heard Little Bit of Love and Found What I've been looking for and it sealed the deal â¤ï¸ rock pop dance classic hits now: Little Bit of Love - TOM GRENNAN on https://t.co/euPh0ZZYk8 https://t.co/Df2K0u5QMo RT @tomgfanpage: This is where my minds at! I can't decide which is the better Music video!? The top 2 of my favorites is Remind Me and a lâ€¦"
46,Heat Waves,Glass Animals,"#nowplaying #GlassAnimals ~ Glass Animals | Heat Waves ||| Radio TEDDY - In der #Oberpfalz #DAB auf Kanal 12D æ„›çŸ¥åŒ—FMâ€THE FACEâ€æ¯é€±æœˆã€œæœ¨9:00-11:00ç”Ÿæ”¾é€
æœˆhttps://t.co/xXmFyiinOR
YouTube https://t.co/tUZtAD8rZx

åªä»Šã®ã‚ªãƒ³ã‚¨ã‚¢æ¥½æ›²ã¯
Glass Animals / Heat Waves

ãƒ„ã‚¤ãƒƒã‚¿ãƒ¼ã‹ã‚‰ã¯ã€€#UNã‚¶ãƒ•ã‚§ã‚¤ã‚¹ã€€ã‚’ä»˜ã‘ã¦
#æ„›çŸ¥åŒ—FM #çŠ¬å±±åŸä¸‹ç”º #ãƒ©ã‚¸ã‚ª #un842
#ãƒ“ãƒ«ãƒœãƒ¼ãƒ‰#GlassAnimals #HeatWaves *Heat Waves by Glass Animals remix just dropped*

ğŸ¶Sometimes all I think about is doom

Wildfires I am breathing in fumes

Heat waves will wipe us all out 

Climate change canâ€™t be reversed nowğŸ¶ https://t.co/hwKmZ2bkKl Nu op ZTACK: Heat Waves van Glass Animals! ğŸ¶
ğŸ“»Tune in op https://t.co/XYjsqE6MaU! Heat waves (glass animals), yellow light (omam), human (omam), river (aurora), the seed (aurora), oceans (seafret), birds (imagine dragons), message man (21 pilots), polaroid (imagine dragons), satellite (starset), mrs potato head (melanie martinez) @chimerasecrets hmm
heat waves by glass animals? alexa, play heat waves by glass animals https://t.co/NQceBmAkq1 [transcript: â€œHeat Wavesâ€ by Glass Animals plays. /end transcript] https://t.co/gm9S4hBaS4 glass animals releasing a slowed version of heat waves was so smart tbh. i go on youtube to listen to slowed versions of songs all the time but theirs i can play on spotify ğŸ”Š In der #ARDPopNacht lÃ¤uft...

Glass Animals:
  ğŸµ Heat waves

ğŸ•Šï¸ #NowPlaying #GlassAnimals 

https://t.co/vVGWDlU2jJ"
47,Way Less Sad,AJR,"#NowPlaying https://t.co/g43lY5g7UZ: Way Less Sad (PO Intro Edit) - Prerformed By; AJR - #Listen #Radio Tune In https://t.co/oDqrEZNRAj or https://t.co/aKdcd2qfjU #PeaceNotWar https://t.co/cE6M1RJVBN ë‹¤ë“¤ AJR ë…¸ë˜ë“¤ì–´ì£¼ì„¸ìš”,,,íŠ¹íˆ bang!,,way less sad,,,weak,,,,ì•„ëª°ë¼ ë‹¤ë“¤ì–´ì£¼ì„¸ìš”ã… ã…  WAY LESS SAD - AJR Now Playing: AJR - Way Less Sad (Click Here To Listen) https://t.co/kcNQSyXRrW @ice_cold_sea In karaoke, I'd definitely sing any song of AJR! I really love their songs and my favorite song is Way Less Sad from them ğŸŒŸ

The best singerâ€” Sadly the truth is Zuro. He might be chaotic but being part of a music college and having singing classes for your whole life does magic WAY LESS SAD - AJR Now Playing: AJR - Way Less Sad (Click Here To Listen) https://t.co/kcNQSyXRrW WAY LESS SAD - AJR 3. way less sad by ajr WAY LESS SAD - AJR"
48,THATS WHAT I WANT,Lil Nas X,"02:27: ""Thats What I Want"" von Lil Nas X #nowplaying #LilNasX ~ Lil Nas X | Thats What I Want ||| BB RADIO - In #Wittenberge #Brandenburg #GER auf 104.3 ğŸ”Š In der #ARDPopNacht lÃ¤uft...

Lil Nas X:
  ğŸµ Thats what I want

ğŸ•Šï¸ #NowPlaying #LilNasX 

https://t.co/tBXaLlqBsM THATS WHAT I WANT by LIL NAS X now playing on BigmanRadio #NowPlaying  #StreamingLive  https://t.co/2lOXdlC0Gg oe3orf Weekly 31x: Lil Nas X (Thats What I Want) Now playing on OnlyTunes: THATS WHAT I WANT by Lil Nas X! Tune in now: https://t.co/QSc4YvXbpO Pool Party CLEAN ğŸ¥‡:

THATS WHAT I WANT | Lil Nas X

#lilnasx 

https://t.co/f2QRKo5GtG GUYS!!!! So I put â€˜lil nas xâ€™ as my name in Starbucks and the barista yelled â€˜SOMEONE WITH TASTE?!?â€™ And I said â€˜YESS! THATS ME!â€™ And then everyone around me started to sing ""that's what i want"". Omfg im crying!!! POPãªæ›²

ãƒ»Kygo - Dancing Feet (Official Video) ft. DNCEã€€â­ï¸2022ã€€
Â 
ãƒ»Lil Nas X - THATS WHAT I WANT (Official Video)â­ï¸2021 Lil Nas X - THATS WHAT I WANT"
49,Dandelions,Ruth B.,
50,WHERE WE ARE,The Lumineers,WHERE WE ARE - THE LUMINEERS 12:25pm WHERE WE ARE by The Lumineers from BRIGHTSIDE https://t.co/gRwk21eaEG Where We Are | The Lumineers 11:45 The Lumineers - Where We Are ğŸ“¹ jungleindierock: The Lumineers - Full Performance (Live on KEXP at Home) American indie folk band The Lumineers perform a five song set for Full Performance (Live on KEXP at Home). Setlist Brightside A.M. Radio Where We Are Just Like... https://t.co/MZL9yQpuJz 4:33am WHERE WE ARE by The Lumineers from BRIGHTSIDE https://t.co/OnP9lWkZ2Z WHERE WE ARE - THE LUMINEERS 3:11 The Lumineers - Where We Are WHERE WE ARE - THE LUMINEERS Playing Where We Are by The Lumineers
51,Dancing Feet (feat. DNCE),Kygo,"Now playing: Dancing Feet (Radio Edit) by Kygo feat. DNCE #listen at https://t.co/ojQrJuJjJ8 https://t.co/S5fpLzmruP Kygo - Dancing Feet (feat. DNCE) https://t.co/iJusf8B5ax #BBCRadio2 ğŸ”Š #NowPlaying on #BBCRadio2's #OJBorg ğŸ•Šï¸

Kygo:
  ğŸµ Dancing Feet (feat. DNCE)

#Kygo 

https://t.co/JnFGsNHAn7 ğŸ”Š In der #ARDPopNacht lÃ¤uft...

Kygo feat. DNCE:
  ğŸµ Dancing feet

ğŸ•Šï¸ #NowPlaying #Kygo #DNCE 

https://t.co/P9AhyAkj4t The best Disco hiphop reggaeton electro music np Dancing Feet by Kygo feat. DNCE Dancing Feet by Kygo feat. DNCE on https://t.co/bpXp7hVmDG #NowPlaying
Kygo;DNCE - Dancing Feet (feat. DNCE)
ANDROID https://t.co/q1BZxYlZ3U
IOS  https://t.co/isHS2fnQ3P
PeÃ§a sua mÃºsica aqui https://t.co/NrJyF6KvpH
https://t.co/hKZF1ul8XI rock pop dance classic hits now: Dancing Feet - KYGO Feat. DNCE on https://t.co/euPh0ZZYk8 https://t.co/jTtKKQdSGI #nowplaying KYGO - Dancing Feet (FEAT. DNCE) [clean] Kygo - Dancing Feet (feat. DNCE) ğŸ”Š #NowPlaying on #BBCRadio2's #RobBeckett ğŸ•Šï¸

Kygo:
  ğŸµ Dancing Feet (feat. DNCE)

#Kygo 

https://t.co/JnFGsNHAn7"
52,Stay Next To Me (with Chelsea Cutler),Quinn XCII,
53,Cold Heart - PNAU Remix,Elton John,"#TocandoAgora #NowPlaying on #RadioGaLeraS:  Elton John - Cold Heart - Claptone Remix #ListenAt https://t.co/VIJiiTPNWa Elton John &amp; Dua Lipa - Cold Heart (PS1 Remix)  on Rich Radio. The Soundtrack To Your Day! #NowPlaying Elton John, Dua Lipa - Cold Heart (Dj Dark &amp; Mose N Remix) https://t.co/EA48RPiMGO przez @YouTube Cold Heart (Claptone Remix) Dua Lipa - Elton John Dua Lipa - Elton John - Cold Heart (Claptone Remix) # LATINO / ELECTRO https://t.co/r6ykcyDJ7y Unstoppable da Sia e Cold Heart (remix) do Elton John com a Dua Lipa favor nÃ£o tocar essas mÃºsicas em um raio de 50m perto de minha pessoa Do you like the best music? Listen now Cold Heart (Lavrushkin &amp; Tomboo Remix) - Dua Lipa;Elton John on https://t.co/b97MPDulOx https://t.co/jVTavSmufU Cold Heart (Claptone Remix) Dua Lipa - Elton John Dua Lipa - Elton John - Cold Heart (Claptone Remix) # LATINO / ELECTRO https://t.co/fVAtHwYl3K Cold Heart (Claptone Remix) Dua Lipa - Elton John Dua Lipa - Elton John - Cold Heart (Claptone Remix) # LATINO / ELECTRO https://t.co/gNczHFhUZ3 Cold Heart (Claptone Remix) Dua Lipa - Elton John Dua Lipa - Elton John - Cold Heart (Claptone Remix) # LATINO / ELECTRO https://t.co/hLoSzDaj2w Cold Heart x Elton John, Dua Lipa (Claptone Remix / Visualiser) 

acabo de escuchar esta en un mixtape y totalmente para la pista de baile con ese sonido de Claptone 

https://t.co/OPWZF6YcAz"
54,Bam Bam (feat. Ed Sheeran),Camila Cabello,"[2022/04/11 10:35]
Bam Bam feat.Ed Sheeran / Camila Cabello
#fmcocolo765

â—Radikoã‚¿ã‚¤ãƒ ãƒ•ãƒªãƒ¼ã§è´ãâ†“
https://t.co/bGFYgJuzng

â—Spotifyã§è©¦è´â†“https://t.co/9VBBFuW3b4 RT @WWCamilaCabello: iTunes US:

#3. (+1) ""Bam Bam"" by @Camila_Cabello (feat. @edsheeran) **peak #1**
https://t.co/siDRFEjr71 ğŸ“ˆ | Bam Bam (feat. Ed Sheeran) by Camila Cabello spends another week at #1 due to album impact, becoming the second song in history to spend 4 or more weeks at #1. 

This was last achieved by Message In A Bottle (Taylor's Version)
#FictionalCharts https://t.co/htBftjujT9 03:21: ""Bam Bam"" von Camila Cabello feat. Ed Sheeran I voted for Camila Cabello - Bam Bam (feat. Ed Sheeran) on KRAZE 101-3! Vote at https://t.co/r9KappwLi6 Complete the kraze 101.3 listener opinion survey for your chance to win $500! RT @CamilaCharts97: iTunes US:

#3. ""Bam Bam"" â€” @Camila_Cabello &amp; @edsheeran (+1)
https://t.co/IZw8yJp8oT I voted Camila Cabello feat Ed Sheeran - BAM BAM @Live999radio! Vote &amp; let's get it played! https://t.co/jDAlHa0PMB ã€ŒBAM BAMã€ CAMILA CABELLO FEAT.ED SHEERAN 10:07 RT @todayccabello: Apple Music UK ğŸ‡¬ğŸ‡§:

#7. â€œBam Bamâ€ â€” @Camila_Cabello (+1) *New Peak* https://t.co/tP7biUc9Hc [09:41] CAMILA CABELLO FEAT.ED SHEERAN - BAM BAM

[radiko]
https://t.co/SjPUJ5hNRh"
55,Anyone,Justin Bieber,"This is already fascinating to watch. @elonmusk owns more shares of @Twitter than anyone else and yet is asking more critical questions of it than probably anyone at Twitter ever has. https://t.co/v1BFvZh1Vd Does anyone want to buy a Justin Bieber Floor ticket below face value? I canâ€™t go anymore and I canâ€™t find anyone to sell it too â€¦ itâ€™s for Mon April 11(Tomorrow)at the Amway Center - Orlando, FL ğŸ˜­#JustinBieberMiamiFL
#JustinBieberTickets #JusticeWorldTour Does anyone want to buy a Justin Bieber
ticket below face value? I can't go anymore
and I can't find anyone to sell it too ... it's for
Thur April 21 at the Gainbridge Fieldhouse
Indianapolis, IN #JustinBieberlndianiapolis
#JustinBieberTickets #JusticeWorldTour Hi buddies me and my hommie got 2 Floor tickets to Justin Bieber show at FTX ARENA MIAMI unfortunately we canâ€™t make it there on Wednesday if anyone is interested in buying please send a dm #JustinBieber @justinbieber #JusticeWorldTour #JustinBieberTour se o justin bieber colocar foto da Hailey em anyone no rock in rio irei chorar mto sim. Anyone ready to buy my 3 remaining  Floor 5 tickets to Justin bieber tour, tomorrow show
Miami,FL RT @nahfungiblebone: THE MYSTERY OF JUSTIN BIEBER. 
If you follow us, youâ€™d know that you can personalise a bone by changing its name. Oneâ€¦ No quiero morirme sin que me dediquen â€œAnyoneâ€ de Justin Bieber. ğŸ¥ºâ¤ï¸ Iâ€™ve got Justin Bieber floor tickets for sale on Mon Apr 11 at Amway Center in Orlando, FL. Anyone interested should hmu, willing to sell for face value RT @fontesbieber: Quase afunda o palco..  Justin Bieber performando ""Anyone"" na #JusticeTourTampa
09.04.22  

ğŸ“½: @thesdrewhouse https://t.câ€¦"
56,Meet Me At Our Spot,THE ANXIETY,"#NowPlaying THE ANXIETY;WILLOW;Tyler Cole - Meet Me At Our Spot Now Playing The Anxiety - Meet Me At Our Spot -escuchala en https://t.co/Om4r4u1aQu WILLOW, THE ANXIETY, Tyler Cole - Meet Me At Our Spot (Live Performance) https://t.co/6gO9goOiTc via @YouTube
Didnâ€™t Realize Willow Smith had such an amazing voice TMN Top 100
Highlights
Week Ending: 4/9/2022

No. 28 (-16)

Peak Position: #16

The Anxiety, Willow Smith &amp; Tyler Cole - Meet Me At Our Spot

https://t.co/nFPKSjVR2d Now playing on OnlyTunes: Meet Me At Our Spot by THE ANXIETY/WILLOW/Tyler Cole! Tune in now: https://t.co/QSc4YvXbpO â™«Meet Me At Our Spot by The Anxiety, Willow, Tyler Cole, from #SoundHound with LiveLyricsÂ® https://t.co/2L83Kl8mix Now Playing THE ANXIETY, WILLOW, Tyler Cole - Meet Me At Our Spot #theanxiety, OfficialWillow, #tylercole WILLOW, THE ANXIETY, Tyler Cole - Meet Me At Our Spot (Live Performance)  
https://t.co/xJdNI4qwdp THE ANXIETY WILLOW Tyler Cole  -  Meet Me At Our Spot RT @tehecrops: gracie + louis tomlinson / meet me at our spot by the anxiety https://t.co/s1QQajYjOy"
57,Clarity,Vance Joy,"Vance Joy - Clarity Vance Joy - Clarity 
EscuchÃ¡ https://t.co/4oM6IX6qPj 
Una radio como todas, pero distinta a las demÃ¡s... VANCE JOY - Clarity Vance Joy â€“ Clarity Ä°ngilizce ÅarkÄ± SÃ¶zleri TÃ¼rkÃ§eÂ AnlamlarÄ± https://t.co/eVeianFQmP Vance Joy - Clarity (Official Music Video) https://t.co/vA1Jgr1oh6 via @YouTube Clarity van Vance Joy is WEEFF Top Favoriet https://t.co/6vMyJikYdZ RT @circusaintlove: i think clarity is my new fav vance joy song RT @RollingStone: Vance Joy has shared a new single, â€œClarity,â€ set to appear on the singer-songwriterâ€™s upcoming album, 'In Our Own Sweetâ€¦ VANCE JOY - Clarity i think clarity is my new fav vance joy song"
58,Mariposa,Peach Tree Rascals,"yo sÃ© q a jungkook le gusta mariposa de peach tree rascals RT @atsumuhoney: // #kagehina fluff

lazy sunday in kagehina's flat, 5:30 pm, cups of tea on the table, 'mariposa' by peach tree rascals plâ€¦ RT @atsumuhoney: // #kagehina fluff

lazy sunday in kagehina's flat, 5:30 pm, cups of tea on the table, 'mariposa' by peach tree rascals plâ€¦ // #kagehina fluff

lazy sunday in kagehina's flat, 5:30 pm, cups of tea on the table, 'mariposa' by peach tree rascals playing on the background, shoyo and tobio laying on the sofa laughing. they can't ask for more. @baetheby mariposa acoustic -peach tree rascals @ohciandrei Peach Tree Rascals - Mariposa @binguiu Mariposa by Peach Tree Rascals #nowplaying PEACH TREE RASCALS - Mariposa 4/9: mariposa- peach tree rascals https://t.co/i56ZpGm4zu Now playing on OnlyTunes: Mariposa by Peach Tree Rascals! Tune in now: https://t.co/QSc4YvXbpO"
59,You (with Marshmello & Vance Joy),benny blanco,
60,Be Like That - feat. Swae Lee & Khalid,Kane Brown,
61,Let's Fall in Love for the Night,FINNEAS,"@sayoqrl anyway here are some I love:
-Let's Fall In Love For The Night by Finneas
-Circles by Post Malone
-double take by dhruv
-Sunflower by Post Malone, Swae Lee
-Lose by KSI and Lil Wayne
-At My Worst by Pink Sweat$
-Bang Bang by K'naan ft. Adam Levine

its a rollercoaster of emotions @iB0RN4KTH Let's fall in love for the night - finneas @kerraeIas Coba ini, finneas - letâ€™s fall in love for the night, soren - beabadoobee, the shadowboxers - honeymoon Was just driving through a small town while listening to Letâ€™s Fall In Love For The Night and completely forgot about the frogs at the end of the song and literally had to look around to see if there were any around usâ€¦ so thanks for that @finneas #NowPlaying â€œLet's Fall in Love for the Nightâ€ by FINNEAS on #Anghami https://t.co/wISMviEPdK @elliexromania Finneas Ã© perfeito, letâ€™s fall in love for the night, die alone, break my heart againâ€¦ ğŸ¥¹ğŸ¤ŒğŸ¼ #NowPlaying @finneas - Let's Fall in Love for the Night #11N1 @akiranjingg AKSHSJSJSJ BANYAAAKK :( Keshi suka juga gak? Aku suka keshi, niki, lany, HONNE AND FINNEAS TOO!!! Let's fall in love for the night is my comfort song &lt;3 ""Let's fall in love for the night and forget in the morning"" - FINNEAS @scandalsart / letâ€™s fall in love for the night by finneas. THAT IS THE NIGHT OF THE MASQUERADE 100%"
62,All I Know So Far,P!nk,"RT @BaddCompani: It Is What It IsğŸ¤˜

P!NK - All I Know So Far (Official Video) https://t.co/IfnzmyzfL9 via @YouTube ğŸ”Š #NowPlaying on #BBCRadio2's #OJBorg ğŸ•Šï¸

P!nk:
  ğŸµ All I Know So Far

#P!nk 

https://t.co/AyuksDUo8M P!nk - All I Know So Far https://t.co/8ePVR2gVsN #NowPlaying #BBCRadio2 Now Playing P!nk - All I Know So Far Pink swr1 Weekly 6x: All I know so far (P!nk), My universe (Coldplay x BTS) P!nk - All I Know So Far P!nk - All I Know So Far (Lyrics)_160k #CitizensAM is now playing: All I Know So Far - P!nk! 

Listen live at https://t.co/AA1HbyEGSB. All I Know So Far â€” P!nk https://t.co/T5nrb2kh02 RT @BaddCompani: It Is What It IsğŸ¤˜

P!NK - All I Know So Far (Official Video) https://t.co/IfnzmyzfL9 via @YouTube"
63,Where Are You Now,Lost Frequencies,"#nowplaying #LostFrequenciesxCalumScott ~ Lost Frequencies x Calum Scott | Where Are You Now ||| Radio TEDDY - In der #Oberpfalz #DAB auf Kanal 12D Lost Frequencies - Where Are You Now (Feat. Calum Scott) 02:03: ""Where Are You Now"" von Lost Frequencies x Calum Scott 1 - RosalÃ­a - LA FAMA
2 - Lost Frequencies - Where Are You Now
3 - Daft Punk - Get Lucky (feat. Pharrell Williams &amp; Nile Rodgers) (Radio Edit)
4 - Farruko - Pepas
5 - Tom Odell - Another Love
6 - Naps - Best life
7 - Naps - La kiffance
8 - Adele - Easy On Me Now playing on Power Radio Lost Frequencies ft Calum Scott - Where Are You Now Lost Frequencies - Where Are You Now (Audio) Ft. Calum Scott https://t.co/RaOzqngUsn #nowplaying #LostFrequenciesxCalumScott ~ Lost Frequencies x Calum Scott | Where Are You Now ||| Radio TEDDY - In #Erfurt auf 99.2 Lost Frequencies - Where Are You Now  https://t.co/utUxCLyLar Lost Frequencies - Where Are You Now (feat Calum Scott) #NowPlaying Lost Frequencies Ft Calum Scott - Where Are You Now on AudioLive FM.
 Listen now on https://t.co/OGPmCMhFQI!
#radio #digitalradio #musicaecultura #audiolivefm #dance #lostfrequencies_calumscott #whereareyounow_single #whereareyounow https://t.co/Sqs1oqVX5i"
64,I AM WOMAN,Emmy Meli,"Now Playing: Emmy Meli - I Am Woman (Click Here To Listen) https://t.co/kcNQSyXRrW Adesso in onda Emmy Meli - I AM WOMAN https://t.co/NPVs5dgKny amo tds as mÃºsicas da emmy meli mas peguei ranÃ§o de i am woman Now Playing Emmy Meli - I Am Woman -escuchala en https://t.co/Om4r4u1aQu Emmy Meli - I AM WOMAN (Lyrics) https://t.co/9GMacvPjO5 via @YouTube â™«I AM WOMAN by Emmy Meli, from #SoundHound with LiveLyricsÂ® https://t.co/SRvpr22ii1 RT @10shi_b: alexa play i am woman by emmy meli ğŸŒ¸âœ¨
#art #digitalart #procreate https://t.co/6IZLmrNLHu Mood: I am woman - Emmy Meli ğŸ¶ alexa play i am woman by emmy meli ğŸŒ¸âœ¨
#art #digitalart #procreate https://t.co/6IZLmrNLHu Emmy Meli - I AM WOMAN"
65,When Iâ€™m Gone (with Katy Perry),Alesso,"Alesso, Katy Perry - When Iâ€™m Gone (with Katy Perry) Chart-run: When Iâ€™m Gone (with Katy Perry) de Alesso

1 - 1 - 1 - 2 - 1 - 2 - 1 - 2  - 1 - 3 - 1 - 1 - 2 - 3 - 3 

13 weeks https://t.co/swcjjau8gh Enjoy with the best music all over the world. Now playing When I'm Gone - Alesso;Katy Perry on https://t.co/b97MPDulOx https://t.co/7w4Yao7Jxk When and how do you finally let go of an ex? Katy Perry and Alesso encourages us be stronger with ""When I'm Gone"". https://t.co/eOiB1V3pJR Alesso - When I'm Gone (with Katy Perry)  #nowplaying #onair #listenlive #streamingnow #goodmusic #80s #newhits #eradiosa #gardenroute #knysna #George #Mosselbay #capetown #Gqeberha #southafrica #westerncape - Tune in: https://t.co/yaayRJxmoU Now Playing When Iï¿½m Gone (with Katy Perry) by Alesso, Katy Perry Listen online at https://t.co/CjESdZ5k9d https://t.co/d4jj9nHC6y Now playing When Iâ€™m Gone (with Katy Perry) by Alesso, Katy Perry! Alesso - When I'm Gone (with Katy Perry)  #nowplaying #onair #listenlive #streamingnow #goodmusic #80s #newhits #eradiosa #gardenroute #knysna #George #Mosselbay #capetown #Gqeberha #southafrica #westerncape - Tune in: https://t.co/yaayRJxmoU"
66,For Tonight,Giveon,"Giveon - For Tonight ""Lets Grow"" For Tonight by Giveon is so beautiful Giveon @giveon - For Tonight #featuredartist on Inner G Radio! 
DOWNLOAD OUR APP TODAY FROM YOUR MOBILE APP STORE to TUNE IN https://t.co/S4yGQsfGXx Also available on Alexa Skill #BMI #ASCAP Giveon - For Tonight Giveon - For Tonight (Clean) Giveon - For Tonight https://t.co/JnaIwbSQ1H Giveon - For Tonight https://t.co/RaOzqngUsn Now Playing: Giveon - For Tonight (Click Here To Listen) https://t.co/kcNQSyXRrW @nayounglvd right now, it's giveon's for tonight. ğŸ˜… Giveon - For Tonight #REFLEXRADIO #REFLEXNOW"
67,Overpass Graffiti,Ed Sheeran,"Now Playing: Ed Sheeran - Overpass Graffiti (Click Here To Listen) https://t.co/kcNQSyXRrW Nu op ZTACK: Overpass Graffiti van Ed Sheeran! ğŸ¶
ğŸ“»Tune in op https://t.co/XYjsqE6MaU! #nowplaying #EdSheeran ~ Ed Sheeran | Overpass Graffiti ||| BB RADIO - In #FrankfurtOder #ffo #Brandenburg #GER auf 107.8 #nowplaying #EdSheeran ~ Ed Sheeran | Overpass Graffiti ||| Radio TEDDY - In #Bayern #Unterfranken #DAB auf Kanal 10A #NowPlaying https://t.co/g43lY5g7UZ 2: Overpass Graffiti (TCTS Remix) - Prerformed By; Ed Sheeran - #Listen #Radio Tune In https://t.co/ie8rbraenf #PeaceNotWar https://t.co/zBmhmvpsxv #nowplaying #EdSheeran ~ Ed Sheeran | Overpass Graffiti ||| BB RADIO - In #Eberswalde #Brandenburg #GER auf 95.4 TMN Top 100
Highlights
Week Ending: 4/9/2022

No. 13 (+5)

Ed Sheeran - Overpass Graffiti

https://t.co/rHeKFIorRA

@edsheeran Now Playing: 'OVERPASS GRAFFITI' by 'ED SHEERAN' [13:36] Ed Sheeran - Overpass Graffiti #nowplaying @BIZwebradio https://t.co/dNCmG0FZNI Ed Sheeran - Overpass Graffiti (Power Intro M40)"
68,Catching Feelings (feat. Six60),Drax Project,
69,West Coast,OneRepublic,"ğŸ”Š #NowPlaying on #BBCRadio2's #OJBorg ğŸ•Šï¸

OneRepublic:
  ğŸµ West Coast

#OneRepublic 

https://t.co/plCvSRgQUR OneRepublic - West Coast https://t.co/MsBdm9dDEb #NowPlaying #BBCRadio2 01:37: ""West Coast"" von OneRepublic #nowplaying #OneRepublic ~ OneRepublic | West Coast ||| BB RADIO - In #Wittenberge #Brandenburg #GER auf 104.3 rock pop dance classic hits now: West Coast - ONEREPUBLIC on https://t.co/euPh0ZZYk8 https://t.co/IyLp7sjYOp OneRepublic - West Coast (2022) #listen #live #follow_us #support_us
https://t.co/VIJMnOQLmd Now Playing: 'WEST COAST' by 'ONEREPUBLIC' Added to It's a Hit! on Spotify: ""West Coast"" by OneRepublic https://t.co/d6RFugMLRm https://t.co/sZbqDbOfcN O Ryan fez mesmo bem este ano lanÃ§ar finalmente a West Coast. Que mÃºsica boa. 
E o maluco/a que Ã  uns anos disse que nÃ£o era mÃºsica para os onerepublic hehehe. Sei... Adesso in onda OneRepublic - West Coast https://t.co/NPVs5dgKny"
70,I Like That,Bazzi,"Now Playing on iWoody Radio:

Bazzi - I Like That

https://t.co/xQCwDKsHk1 @aaaamodh I like that , bazzi Now Playing: Bazzi - I Like That (Click Here To Listen) https://t.co/kcNQSyXRrW Reply to this with the first person you noticed in this video that isnâ€™t Cameron Dallas because mine was Bazzi &amp; I feel like that says a lot  https://t.co/RZfeHuLNiT Now playing: I Like That by Bazzi #nowplaying Listen live: https://t.co/DswV8KZOAD https://t.co/j71J4ylXBG Now Playing: Bazzi - I Like That (Click Here To Listen) https://t.co/kcNQSyXRrW Now playing: I Like That by Bazzi #nowplaying Listen live: https://t.co/DswV8KZOAD https://t.co/0YgMzWTXWF Now Playing on iWoody Radio:

Bazzi - I Like That

https://t.co/xQCwDKsHk1 Now playing: I Like That by Bazzi #nowplaying Listen live: https://t.co/DswV8KHFmv https://t.co/8AcuurTlxY Now Playing on iWoody Radio:

Bazzi - I Like That

https://t.co/xQCwDKsHk1"
71,Summer of Love (Shawn Mendes & Tainy),Shawn Mendes,
72,Make You Mine,PUBLIC,"make you mine nya Public wajib banget diputer biar mood seneng gitu @convomf make you mine-public, KEK AH ELAH GARA2 LU YG TIAP HARI NGIRIM VN ITU KE GUA TP MALAH JADIAN SM YG LAIN JD GEDEG GUA SM TUH LAGU @AndrewRoseSC I've stayed home for the past 2 years &amp; when vaccinations were available I got mine. People like you make it dangerous for me to resume any type of public life. I don't want to catch Covid. Shame on you for letting yourself &amp; your country down over a stupid shot. Hey @mgurri, you were kind enough to answer a (v poorly worded) question of mine about free news/public service broadcasters in a recent @TwitterSpaces event. A point I failed to make that you may find interesting is the level of trust in PSBs. BBC and PBS top of the list here. https://t.co/Ye29BqTkWe Publicã®Make You Mineæ°—åˆ†ä¸Šã’ã¦ãã‚Œã¦ã‚ã‚ŠãŒãŸã„ ga benci sih.. tapi kayak perasaan bersalah. haha, keingat dia jadinya
.
Public â€“ Make you mine, Kaash Paige â€“ Love songs, Ant Daunders â€“ Yellow Hearts https://t.co/3FqLG49lm0 #NowPlaying PUBLIC - Make You Mine (Habitat Remix) #ListenLive https://t.co/G0mrrq6oFm #bayarea #onlineradio #DanceRadio #house #freestyle #edm #edmradio #housemusicpromoters https://t.co/3XZmy2QiQI 2 trolleys free food per till in SA 
Mine's email them BMW help the public we are here to make a dam difference. Donate those vehicles and we want you to pay people helping SA public out looking smart Race1SA all McLaren's.I take mine you pick one rest for the women. Ask BMW 4) A huge pet peeve of mine is how often I hear professionals and public gaslight individuals who are abused or treated poorly by these ""professionals"". Stay home if you can't show up for those who need emergency services. But don't make excuses about how hard your job can be. RT @Linoodleboodles: Hai hai! Mini announcement but if youâ€™re into art/world building/story telling or would like to make some hella cool aâ€¦"
73,Big Energy,Latto,"RT @romeknowles: Megan fell off after WAP, Cardi B's entire career is based of the hatred of Nicki Minaj and 2019 Proved that with all of hâ€¦ RT @romeknowles: Megan fell off after WAP, Cardi B's entire career is based of the hatred of Nicki Minaj and 2019 Proved that with all of hâ€¦ RT @Latto: Big Energy (Remix) [feat. DJ Khaled] - Single by Latto &amp; Mariah Carey https://t.co/lM7yzgqNNJ https://t.co/PF3HFfGzZc RT @romeknowles: Megan fell off after WAP, Cardi B's entire career is based of the hatred of Nicki Minaj and 2019 Proved that with all of hâ€¦ RT @romeknowles: Megan fell off after WAP, Cardi B's entire career is based of the hatred of Nicki Minaj and 2019 Proved that with all of hâ€¦ RT @chartmariah: .@MariahCarey &amp; @Latto's â€œBig Energy Remixâ€ has re-entered the top 5 of US iTunes at #4 ğŸ‡ºğŸ‡¸. RT @romeknowles: Megan fell off after WAP, Cardi B's entire career is based of the hatred of Nicki Minaj and 2019 Proved that with all of hâ€¦ Latto, Mariah Carey - Big Energy (Lyrics) ft. DJ Khaled https://t.co/DgLlxVvhpG a travÃ©s de @YouTube RT @romeknowles: Megan fell off after WAP, Cardi B's entire career is based of the hatred of Nicki Minaj and 2019 Proved that with all of hâ€¦ RT @ChartCertFreaks: Final Predictions: 'Big Energy' by @Latto is expected to remain at #3 on the next @billboard Hot 100 chart update. (@lâ€¦"
74,Wild (feat. Gary Clark Jr.),John Legend,John Legend - Wild (feat. Gary Clark Jr.) (Official Video) https://t.co/QtiRgZfHaN via @YouTube
75,Acapulco,Jason Derulo,"Jason Derulo - Acapulco 01:03: ""Acapulco"" von Jason Derulo El decorado de la canciÃ³n ""Acapulco"" de Jason Derulo me recuerda al capitulo de La Que Se Avecina cuando montan un decorado para hacer una ONG. La tortuga que sale hace de buitre xD #NowPlaying Jason Derulo - Acapulco Monica just listened to ""Acapulco"" by Jason Derulo on Spotify.
Listen along here: https://t.co/iJPfkaIBtm https://t.co/2INHq9RnpK  - Jason Derulo - Acapulco 12:46: ""Acapulco"" von Jason Derulo Jason Derulo - Acapulco https://t.co/RaOzqngUsn 06:12: ""Acapulco"" von Jason Derulo Jason Derulo - Acapulco"
